{
    "node-red": {
        "name": "node-red",
        "version": "3.0.2",
        "local": false,
        "user": false,
        "nodes": {
            "junction": {
                "name": "junction",
                "types": [
                    "junction"
                ],
                "enabled": true,
                "local": false,
                "user": false,
                "module": "node-red",
                "file": "/opt/nodeRed/Flow-Engine-Manager/node_modules/@node-red/nodes/core/common/05-junction.js"
            },
            "inject": {
                "name": "inject",
                "types": [
                    "inject"
                ],
                "enabled": true,
                "local": false,
                "user": false,
                "module": "node-red",
                "file": "/opt/nodeRed/Flow-Engine-Manager/node_modules/@node-red/nodes/core/common/20-inject.js"
            },
            "debug": {
                "name": "debug",
                "types": [
                    "debug"
                ],
                "enabled": true,
                "local": false,
                "user": false,
                "module": "node-red",
                "file": "/opt/nodeRed/Flow-Engine-Manager/node_modules/@node-red/nodes/core/common/21-debug.js"
            },
            "complete": {
                "name": "complete",
                "types": [
                    "complete"
                ],
                "enabled": true,
                "local": false,
                "user": false,
                "module": "node-red",
                "file": "/opt/nodeRed/Flow-Engine-Manager/node_modules/@node-red/nodes/core/common/24-complete.js"
            },
            "catch": {
                "name": "catch",
                "types": [
                    "catch"
                ],
                "enabled": true,
                "local": false,
                "user": false,
                "module": "node-red",
                "file": "/opt/nodeRed/Flow-Engine-Manager/node_modules/@node-red/nodes/core/common/25-catch.js"
            },
            "status": {
                "name": "status",
                "types": [
                    "status"
                ],
                "enabled": true,
                "local": false,
                "user": false,
                "module": "node-red",
                "file": "/opt/nodeRed/Flow-Engine-Manager/node_modules/@node-red/nodes/core/common/25-status.js"
            },
            "link": {
                "name": "link",
                "types": [
                    "link in",
                    "link out",
                    "link call"
                ],
                "enabled": true,
                "local": false,
                "user": false,
                "module": "node-red",
                "file": "/opt/nodeRed/Flow-Engine-Manager/node_modules/@node-red/nodes/core/common/60-link.js"
            },
            "comment": {
                "name": "comment",
                "types": [
                    "comment"
                ],
                "enabled": true,
                "local": false,
                "user": false,
                "module": "node-red",
                "file": "/opt/nodeRed/Flow-Engine-Manager/node_modules/@node-red/nodes/core/common/90-comment.js"
            },
            "unknown": {
                "name": "unknown",
                "types": [
                    "unknown"
                ],
                "enabled": true,
                "local": false,
                "user": false,
                "module": "node-red",
                "file": "/opt/nodeRed/Flow-Engine-Manager/node_modules/@node-red/nodes/core/common/98-unknown.js"
            },
            "function": {
                "name": "function",
                "types": [
                    "function"
                ],
                "enabled": true,
                "local": false,
                "user": false,
                "module": "node-red",
                "file": "/opt/nodeRed/Flow-Engine-Manager/node_modules/@node-red/nodes/core/function/10-function.js"
            },
            "switch": {
                "name": "switch",
                "types": [
                    "switch"
                ],
                "enabled": true,
                "local": false,
                "user": false,
                "module": "node-red",
                "file": "/opt/nodeRed/Flow-Engine-Manager/node_modules/@node-red/nodes/core/function/10-switch.js"
            },
            "change": {
                "name": "change",
                "types": [
                    "change"
                ],
                "enabled": true,
                "local": false,
                "user": false,
                "module": "node-red",
                "file": "/opt/nodeRed/Flow-Engine-Manager/node_modules/@node-red/nodes/core/function/15-change.js"
            },
            "range": {
                "name": "range",
                "types": [
                    "range"
                ],
                "enabled": true,
                "local": false,
                "user": false,
                "module": "node-red",
                "file": "/opt/nodeRed/Flow-Engine-Manager/node_modules/@node-red/nodes/core/function/16-range.js"
            },
            "template": {
                "name": "template",
                "types": [
                    "template"
                ],
                "enabled": true,
                "local": false,
                "user": false,
                "module": "node-red",
                "file": "/opt/nodeRed/Flow-Engine-Manager/node_modules/@node-red/nodes/core/function/80-template.js"
            },
            "delay": {
                "name": "delay",
                "types": [
                    "delay"
                ],
                "enabled": true,
                "local": false,
                "user": false,
                "module": "node-red",
                "file": "/opt/nodeRed/Flow-Engine-Manager/node_modules/@node-red/nodes/core/function/89-delay.js"
            },
            "trigger": {
                "name": "trigger",
                "types": [
                    "trigger"
                ],
                "enabled": true,
                "local": false,
                "user": false,
                "module": "node-red",
                "file": "/opt/nodeRed/Flow-Engine-Manager/node_modules/@node-red/nodes/core/function/89-trigger.js"
            },
            "exec": {
                "name": "exec",
                "types": [
                    "exec"
                ],
                "enabled": true,
                "local": false,
                "user": false,
                "module": "node-red",
                "file": "/opt/nodeRed/Flow-Engine-Manager/node_modules/@node-red/nodes/core/function/90-exec.js"
            },
            "rbe": {
                "name": "rbe",
                "types": [
                    "rbe"
                ],
                "enabled": true,
                "local": false,
                "user": false,
                "module": "node-red",
                "file": "/opt/nodeRed/Flow-Engine-Manager/node_modules/@node-red/nodes/core/function/rbe.js"
            },
            "tls": {
                "name": "tls",
                "types": [
                    "tls-config"
                ],
                "enabled": true,
                "local": false,
                "user": false,
                "module": "node-red",
                "file": "/opt/nodeRed/Flow-Engine-Manager/node_modules/@node-red/nodes/core/network/05-tls.js"
            },
            "httpproxy": {
                "name": "httpproxy",
                "types": [
                    "http proxy"
                ],
                "enabled": true,
                "local": false,
                "user": false,
                "module": "node-red",
                "file": "/opt/nodeRed/Flow-Engine-Manager/node_modules/@node-red/nodes/core/network/06-httpproxy.js"
            },
            "mqtt": {
                "name": "mqtt",
                "types": [
                    "mqtt in",
                    "mqtt out",
                    "mqtt-broker"
                ],
                "enabled": true,
                "local": false,
                "user": false,
                "module": "node-red",
                "file": "/opt/nodeRed/Flow-Engine-Manager/node_modules/@node-red/nodes/core/network/10-mqtt.js"
            },
            "httpin": {
                "name": "httpin",
                "types": [
                    "http in",
                    "http response"
                ],
                "enabled": true,
                "local": false,
                "user": false,
                "module": "node-red",
                "file": "/opt/nodeRed/Flow-Engine-Manager/node_modules/@node-red/nodes/core/network/21-httpin.js"
            },
            "httprequest": {
                "name": "httprequest",
                "types": [
                    "http request"
                ],
                "enabled": true,
                "local": false,
                "user": false,
                "module": "node-red",
                "file": "/opt/nodeRed/Flow-Engine-Manager/node_modules/@node-red/nodes/core/network/21-httprequest.js"
            },
            "websocket": {
                "name": "websocket",
                "types": [
                    "websocket in",
                    "websocket out",
                    "websocket-listener",
                    "websocket-client"
                ],
                "enabled": true,
                "local": false,
                "user": false,
                "module": "node-red",
                "file": "/opt/nodeRed/Flow-Engine-Manager/node_modules/@node-red/nodes/core/network/22-websocket.js"
            },
            "tcpin": {
                "name": "tcpin",
                "types": [
                    "tcp in",
                    "tcp out",
                    "tcp request"
                ],
                "enabled": true,
                "local": false,
                "user": false,
                "module": "node-red",
                "file": "/opt/nodeRed/Flow-Engine-Manager/node_modules/@node-red/nodes/core/network/31-tcpin.js"
            },
            "udp": {
                "name": "udp",
                "types": [
                    "udp in",
                    "udp out"
                ],
                "enabled": true,
                "local": false,
                "user": false,
                "module": "node-red",
                "file": "/opt/nodeRed/Flow-Engine-Manager/node_modules/@node-red/nodes/core/network/32-udp.js"
            },
            "CSV": {
                "name": "CSV",
                "types": [
                    "csv"
                ],
                "enabled": true,
                "local": false,
                "user": false,
                "module": "node-red",
                "file": "/opt/nodeRed/Flow-Engine-Manager/node_modules/@node-red/nodes/core/parsers/70-CSV.js"
            },
            "HTML": {
                "name": "HTML",
                "types": [
                    "html"
                ],
                "enabled": true,
                "local": false,
                "user": false,
                "module": "node-red",
                "file": "/opt/nodeRed/Flow-Engine-Manager/node_modules/@node-red/nodes/core/parsers/70-HTML.js"
            },
            "JSON": {
                "name": "JSON",
                "types": [
                    "json"
                ],
                "enabled": true,
                "local": false,
                "user": false,
                "module": "node-red",
                "file": "/opt/nodeRed/Flow-Engine-Manager/node_modules/@node-red/nodes/core/parsers/70-JSON.js"
            },
            "XML": {
                "name": "XML",
                "types": [
                    "xml"
                ],
                "enabled": true,
                "local": false,
                "user": false,
                "module": "node-red",
                "file": "/opt/nodeRed/Flow-Engine-Manager/node_modules/@node-red/nodes/core/parsers/70-XML.js"
            },
            "YAML": {
                "name": "YAML",
                "types": [
                    "yaml"
                ],
                "enabled": true,
                "local": false,
                "user": false,
                "module": "node-red",
                "file": "/opt/nodeRed/Flow-Engine-Manager/node_modules/@node-red/nodes/core/parsers/70-YAML.js"
            },
            "split": {
                "name": "split",
                "types": [
                    "split",
                    "join"
                ],
                "enabled": true,
                "local": false,
                "user": false,
                "module": "node-red",
                "file": "/opt/nodeRed/Flow-Engine-Manager/node_modules/@node-red/nodes/core/sequence/17-split.js"
            },
            "sort": {
                "name": "sort",
                "types": [
                    "sort"
                ],
                "enabled": true,
                "local": false,
                "user": false,
                "module": "node-red",
                "file": "/opt/nodeRed/Flow-Engine-Manager/node_modules/@node-red/nodes/core/sequence/18-sort.js"
            },
            "batch": {
                "name": "batch",
                "types": [
                    "batch"
                ],
                "enabled": true,
                "local": false,
                "user": false,
                "module": "node-red",
                "file": "/opt/nodeRed/Flow-Engine-Manager/node_modules/@node-red/nodes/core/sequence/19-batch.js"
            },
            "file": {
                "name": "file",
                "types": [
                    "file",
                    "file in"
                ],
                "enabled": true,
                "local": false,
                "user": false,
                "module": "node-red",
                "file": "/opt/nodeRed/Flow-Engine-Manager/node_modules/@node-red/nodes/core/storage/10-file.js"
            },
            "watch": {
                "name": "watch",
                "types": [
                    "watch"
                ],
                "enabled": true,
                "local": false,
                "user": false,
                "module": "node-red",
                "file": "/opt/nodeRed/Flow-Engine-Manager/node_modules/@node-red/nodes/core/storage/23-watch.js"
            },
            "onesaitplatform-api-invoker": {
                "name": "onesaitplatform-api-invoker",
                "types": [
                    "onesaitplatform-Rest-API-invoker"
                ],
                "enabled": true,
                "local": false,
                "user": false,
                "module": "node-red",
                "file": "/opt/nodeRed/Flow-Engine-Manager/onesait-platform/nodes/onesaitplatform-api-invoker.js"
            },
            "onesaitplatform-api-rest-operation": {
                "name": "onesaitplatform-api-rest-operation",
                "types": [
                    "onesaitplatform api rest operation",
                    "onesaitplatform api rest operation response"
                ],
                "enabled": true,
                "local": false,
                "user": false,
                "module": "node-red",
                "file": "/opt/nodeRed/Flow-Engine-Manager/onesait-platform/nodes/onesaitplatform-api-rest-operation.js"
            },
            "onesaitplatform-api-rest": {
                "name": "onesaitplatform-api-rest",
                "types": [
                    "onesaitplatform api rest"
                ],
                "enabled": true,
                "local": false,
                "user": false,
                "module": "node-red",
                "file": "/opt/nodeRed/Flow-Engine-Manager/onesait-platform/nodes/onesaitplatform-api-rest.js"
            },
            "onesaitplatform-audit": {
                "name": "onesaitplatform-audit",
                "types": [
                    "onesaitplatform-audit"
                ],
                "enabled": true,
                "local": false,
                "user": false,
                "module": "node-red",
                "file": "/opt/nodeRed/Flow-Engine-Manager/onesait-platform/nodes/onesaitplatform-audit.js"
            },
            "onesaitplatform-dataflow-start": {
                "name": "onesaitplatform-dataflow-start",
                "types": [
                    "Start Dataflow"
                ],
                "enabled": true,
                "local": false,
                "user": false,
                "module": "node-red",
                "file": "/opt/nodeRed/Flow-Engine-Manager/onesait-platform/nodes/onesaitplatform-dataflow-start.js"
            },
            "onesaitplatform-dataflow-status": {
                "name": "onesaitplatform-dataflow-status",
                "types": [
                    "Check Dataflow Status"
                ],
                "enabled": true,
                "local": false,
                "user": false,
                "module": "node-red",
                "file": "/opt/nodeRed/Flow-Engine-Manager/onesait-platform/nodes/onesaitplatform-dataflow-status.js"
            },
            "onesaitplatform-dataflow-stop": {
                "name": "onesaitplatform-dataflow-stop",
                "types": [
                    "Stop Dataflow"
                ],
                "enabled": true,
                "local": false,
                "user": false,
                "module": "node-red",
                "file": "/opt/nodeRed/Flow-Engine-Manager/onesait-platform/nodes/onesaitplatform-dataflow-stop.js"
            },
            "onesaitplatform-digitaltwin-action": {
                "name": "onesaitplatform-digitaltwin-action",
                "types": [
                    "onesaitplatform-digitaltwin-action"
                ],
                "enabled": true,
                "local": false,
                "user": false,
                "module": "node-red",
                "file": "/opt/nodeRed/Flow-Engine-Manager/onesait-platform/nodes/onesaitplatform-digitaltwin-action.js"
            },
            "onesaitplatform-digitaltwin": {
                "name": "onesaitplatform-digitaltwin",
                "types": [
                    "onesaitplatform-digitaltwin"
                ],
                "enabled": true,
                "local": false,
                "user": false,
                "module": "node-red",
                "file": "/opt/nodeRed/Flow-Engine-Manager/onesait-platform/nodes/onesaitplatform-digitaltwin.js"
            },
            "onesaitplatform-firebase-notification": {
                "name": "onesaitplatform-firebase-notification",
                "types": [
                    "onesaitplatform-firebase-notification"
                ],
                "enabled": true,
                "local": false,
                "user": false,
                "module": "node-red",
                "file": "/opt/nodeRed/Flow-Engine-Manager/onesait-platform/nodes/onesaitplatform-firebase-notification.js"
            },
            "onesaitplatform-insert": {
                "name": "onesaitplatform-insert",
                "types": [
                    "onesaitplatform-insert"
                ],
                "enabled": true,
                "local": false,
                "user": false,
                "module": "node-red",
                "file": "/opt/nodeRed/Flow-Engine-Manager/onesait-platform/nodes/onesaitplatform-insert.js"
            },
            "onesaitplatform-mail": {
                "name": "onesaitplatform-mail",
                "types": [
                    "onesaitplatform-mail"
                ],
                "enabled": true,
                "local": false,
                "user": false,
                "module": "node-red",
                "file": "/opt/nodeRed/Flow-Engine-Manager/onesait-platform/nodes/onesaitplatform-mail.js"
            },
            "onesaitplatform-management-api-invoker": {
                "name": "onesaitplatform-management-api-invoker",
                "types": [
                    "onesaitplatform-management-Rest-API-invoker"
                ],
                "enabled": true,
                "local": false,
                "user": false,
                "module": "node-red",
                "file": "/opt/nodeRed/Flow-Engine-Manager/onesait-platform/nodes/onesaitplatform-management-api-invoker.js"
            },
            "onesaitplatform-notebook-invoker": {
                "name": "onesaitplatform-notebook-invoker",
                "types": [
                    "Notebook Launcher"
                ],
                "enabled": true,
                "local": false,
                "user": false,
                "module": "node-red",
                "file": "/opt/nodeRed/Flow-Engine-Manager/onesait-platform/nodes/onesaitplatform-notebook-invoker.js"
            },
            "onesaitplatform-notification-endpoint": {
                "name": "onesaitplatform-notification-endpoint",
                "types": [
                    "onesaitplatform-notification-endpoint"
                ],
                "enabled": true,
                "local": false,
                "user": false,
                "module": "node-red",
                "file": "/opt/nodeRed/Flow-Engine-Manager/onesait-platform/nodes/onesaitplatform-notification-endpoint.js"
            },
            "onesaitplatform-query-dynamic": {
                "name": "onesaitplatform-query-dynamic",
                "types": [
                    "onesaitplatform-query-dynamic"
                ],
                "enabled": true,
                "local": false,
                "user": false,
                "module": "node-red",
                "file": "/opt/nodeRed/Flow-Engine-Manager/onesait-platform/nodes/onesaitplatform-query-dynamic.js"
            },
            "onesaitplatform-query-static": {
                "name": "onesaitplatform-query-static",
                "types": [
                    "onesaitplatform-query-static"
                ],
                "enabled": true,
                "local": false,
                "user": false,
                "module": "node-red",
                "file": "/opt/nodeRed/Flow-Engine-Manager/onesait-platform/nodes/onesaitplatform-query-static.js"
            }
        }
    },
    "node-red-contrib-better-sftp": {
        "name": "node-red-contrib-better-sftp",
        "version": "0.0.12",
        "local": false,
        "user": false,
        "nodes": {
            "sftp": {
                "name": "sftp",
                "types": [
                    "sftp in",
                    "sftp"
                ],
                "enabled": true,
                "local": false,
                "user": false,
                "module": "node-red-contrib-better-sftp",
                "file": "/opt/nodeRed/Flow-Engine-Manager/node_modules/node-red-contrib-better-sftp/transports/sftp/index.js"
            }
        }
    },
    "node-red-contrib-cron": {
        "name": "node-red-contrib-cron",
        "version": "0.0.4",
        "local": false,
        "user": false,
        "nodes": {
            "cron": {
                "name": "cron",
                "types": [
                    "cron"
                ],
                "enabled": true,
                "local": false,
                "user": false,
                "module": "node-red-contrib-cron",
                "file": "/opt/nodeRed/Flow-Engine-Manager/node_modules/node-red-contrib-cron/cron-node.js"
            }
        }
    },
    "node-red-contrib-cron-plus": {
        "name": "node-red-contrib-cron-plus",
        "version": "1.5.7",
        "local": false,
        "user": false,
        "nodes": {
            "cronplus": {
                "name": "cronplus",
                "types": [
                    "cronplus"
                ],
                "enabled": true,
                "local": false,
                "user": false,
                "module": "node-red-contrib-cron-plus",
                "file": "/opt/nodeRed/Flow-Engine-Manager/node_modules/node-red-contrib-cron-plus/cronplus.js"
            }
        }
    },
    "node-red-contrib-crypto-js": {
        "name": "node-red-contrib-crypto-js",
        "version": "0.1.1",
        "local": false,
        "user": false,
        "nodes": {
            "encrypt": {
                "name": "encrypt",
                "types": [
                    "encrypt"
                ],
                "enabled": true,
                "local": false,
                "user": false,
                "module": "node-red-contrib-crypto-js",
                "file": "/opt/nodeRed/Flow-Engine-Manager/node_modules/node-red-contrib-crypto-js/cryptojs/encrypt.js"
            },
            "decrypt": {
                "name": "decrypt",
                "types": [
                    "decrypt"
                ],
                "enabled": true,
                "local": false,
                "user": false,
                "module": "node-red-contrib-crypto-js",
                "file": "/opt/nodeRed/Flow-Engine-Manager/node_modules/node-red-contrib-crypto-js/cryptojs/decrypt.js"
            },
            "hmac": {
                "name": "hmac",
                "types": [
                    "hmac"
                ],
                "enabled": true,
                "local": false,
                "user": false,
                "module": "node-red-contrib-crypto-js",
                "file": "/opt/nodeRed/Flow-Engine-Manager/node_modules/node-red-contrib-crypto-js/cryptojs/hmac.js"
            },
            "digest": {
                "name": "digest",
                "types": [
                    "digest"
                ],
                "enabled": true,
                "local": false,
                "user": false,
                "module": "node-red-contrib-crypto-js",
                "file": "/opt/nodeRed/Flow-Engine-Manager/node_modules/node-red-contrib-crypto-js/cryptojs/digest.js"
            },
            "encode": {
                "name": "encode",
                "types": [
                    "encode"
                ],
                "enabled": true,
                "local": false,
                "user": false,
                "module": "node-red-contrib-crypto-js",
                "file": "/opt/nodeRed/Flow-Engine-Manager/node_modules/node-red-contrib-crypto-js/cryptojs/encode.js"
            },
            "decode": {
                "name": "decode",
                "types": [
                    "decode"
                ],
                "enabled": true,
                "local": false,
                "user": false,
                "module": "node-red-contrib-crypto-js",
                "file": "/opt/nodeRed/Flow-Engine-Manager/node_modules/node-red-contrib-crypto-js/cryptojs/decode.js"
            }
        }
    },
    "node-red-contrib-oauth2": {
        "name": "node-red-contrib-oauth2",
        "version": "4.0.1",
        "local": false,
        "user": false,
        "nodes": {
            "oauth2": {
                "name": "oauth2",
                "types": [
                    "oauth2",
                    "oauth2-credentials"
                ],
                "enabled": true,
                "local": false,
                "user": false,
                "module": "node-red-contrib-oauth2",
                "file": "/opt/nodeRed/Flow-Engine-Manager/node_modules/node-red-contrib-oauth2/oauth2.js"
            }
        }
    },
    "node-red-contrib-pubnub": {
        "name": "node-red-contrib-pubnub",
        "version": "4.0.2",
        "local": false,
        "user": false,
        "nodes": {
            "pubnub": {
                "name": "pubnub",
                "types": [
                    "pubnub in",
                    "pubnub out",
                    "pubnub-keys"
                ],
                "enabled": true,
                "local": false,
                "user": false,
                "module": "node-red-contrib-pubnub",
                "file": "/opt/nodeRed/Flow-Engine-Manager/node_modules/node-red-contrib-pubnub/nodes/pubnub-node-red.js"
            }
        }
    },
    "node-red-contrib-ttn": {
        "name": "node-red-contrib-ttn",
        "version": "2.0.5",
        "local": false,
        "user": false,
        "nodes": {
            "ttn-app": {
                "name": "ttn-app",
                "types": [
                    "ttn app"
                ],
                "enabled": true,
                "local": false,
                "user": false,
                "module": "node-red-contrib-ttn",
                "file": "/opt/nodeRed/Flow-Engine-Manager/node_modules/node-red-contrib-ttn/ttn-app/ttn-app.js"
            },
            "ttn-event": {
                "name": "ttn-event",
                "types": [
                    "ttn event"
                ],
                "enabled": true,
                "local": false,
                "user": false,
                "module": "node-red-contrib-ttn",
                "file": "/opt/nodeRed/Flow-Engine-Manager/node_modules/node-red-contrib-ttn/ttn-event/ttn-event.js"
            },
            "ttn-uplink": {
                "name": "ttn-uplink",
                "types": [
                    "ttn uplink"
                ],
                "enabled": true,
                "local": false,
                "user": false,
                "module": "node-red-contrib-ttn",
                "file": "/opt/nodeRed/Flow-Engine-Manager/node_modules/node-red-contrib-ttn/ttn-uplink/ttn-uplink.js"
            },
            "ttn-downlink": {
                "name": "ttn-downlink",
                "types": [
                    "ttn downlink"
                ],
                "enabled": true,
                "local": false,
                "user": false,
                "module": "node-red-contrib-ttn",
                "file": "/opt/nodeRed/Flow-Engine-Manager/node_modules/node-red-contrib-ttn/ttn-downlink/ttn-downlink.js"
            }
        }
    },
    "node-red-contrib-uuid": {
        "name": "node-red-contrib-uuid",
        "version": "0.0.4",
        "local": false,
        "user": false,
        "nodes": {
            "UUID": {
                "name": "UUID",
                "types": [
                    "uuid"
                ],
                "enabled": true,
                "local": false,
                "user": false,
                "module": "node-red-contrib-uuid",
                "file": "/opt/nodeRed/Flow-Engine-Manager/node_modules/node-red-contrib-uuid/uuid/uuid.js"
            }
        }
    },
    "node-red-node-email": {
        "name": "node-red-node-email",
        "version": "1.17.0",
        "local": false,
        "user": false,
        "nodes": {
            "email": {
                "name": "email",
                "types": [
                    "e-mail",
                    "e-mail in",
                    "e-mail mta"
                ],
                "enabled": true,
                "local": false,
                "user": false,
                "module": "node-red-node-email",
                "file": "/opt/nodeRed/Flow-Engine-Manager/node_modules/node-red-node-email/61-email.js"
            }
        }
    },
    "node-red-node-feedparser": {
        "name": "node-red-node-feedparser",
        "version": "0.3.0",
        "local": false,
        "user": false,
        "nodes": {
            "feedparse": {
                "name": "feedparse",
                "types": [
                    "feedparse"
                ],
                "enabled": true,
                "local": false,
                "user": false,
                "module": "node-red-node-feedparser",
                "file": "/opt/nodeRed/Flow-Engine-Manager/node_modules/node-red-node-feedparser/32-feedparse.js"
            }
        }
    },
    "node-red-node-instagram": {
        "name": "node-red-node-instagram",
        "version": "0.1.0",
        "local": false,
        "user": false,
        "nodes": {
            "instagram": {
                "name": "instagram",
                "types": [
                    "instagram-credentials",
                    "instagram",
                    "instagram in"
                ],
                "enabled": true,
                "local": false,
                "user": false,
                "module": "node-red-node-instagram",
                "file": "/opt/nodeRed/Flow-Engine-Manager/node_modules/node-red-node-instagram/instagram.js"
            }
        }
    },
    "node-red-node-rbe": {
        "name": "node-red-node-rbe",
        "version": "0.5.0",
        "local": false,
        "user": false,
        "nodes": {
            "rbe": {
                "name": "rbe",
                "types": [
                    "rbe"
                ],
                "enabled": true,
                "local": false,
                "user": false,
                "module": "node-red-node-rbe",
                "file": "/opt/nodeRed/Flow-Engine-Manager/node_modules/node-red-node-rbe/rbe.js"
            }
        }
    },
    "node-red-node-sentiment": {
        "name": "node-red-node-sentiment",
        "version": "0.1.6",
        "local": false,
        "user": false,
        "nodes": {
            "sentiment": {
                "name": "sentiment",
                "types": [
                    "sentiment"
                ],
                "enabled": true,
                "local": false,
                "user": false,
                "module": "node-red-node-sentiment",
                "file": "/opt/nodeRed/Flow-Engine-Manager/node_modules/node-red-node-sentiment/72-sentiment.js"
            }
        }
    },
    "node-red-node-stomp": {
        "name": "node-red-node-stomp",
        "version": "0.0.12",
        "local": false,
        "user": false,
        "nodes": {
            "stomp": {
                "name": "stomp",
                "types": [
                    "stomp in",
                    "stomp out",
                    "stomp-server"
                ],
                "enabled": true,
                "local": false,
                "user": false,
                "module": "node-red-node-stomp",
                "file": "/opt/nodeRed/Flow-Engine-Manager/node_modules/node-red-node-stomp/18-stomp.js"
            }
        }
    },
    "node-red-node-twitter": {
        "name": "node-red-node-twitter",
        "version": "1.2.0",
        "local": false,
        "user": false,
        "nodes": {
            "twitter": {
                "name": "twitter",
                "types": [
                    "twitter-credentials",
                    "twitter in",
                    "twitter out"
                ],
                "enabled": true,
                "local": false,
                "user": false,
                "module": "node-red-node-twitter",
                "file": "/opt/nodeRed/Flow-Engine-Manager/node_modules/node-red-node-twitter/27-twitter.js"
            }
        }
    }
}