[{"id":"3cc6ee09366b4a41","type":"tab","label":"start data ingest","disabled":false,"info":"","env":[]},{"id":"4449851fbfcf4b34","type":"inject","z":"3cc6ee09366b4a41","name":"Inicio","props":[{"p":"payload"},{"p":"topic","vt":"str"}],"repeat":"","crontab":"","once":false,"onceDelay":0.1,"topic":"","payload":"","payloadType":"date","x":110,"y":100,"wires":[["97415b21f8fe368f"]]},{"id":"97415b21f8fe368f","type":"Check Dataflow Status","z":"3cc6ee09366b4a41","name":"Check estado flujo principal","dataflowIdentification":"mainflowingestdata","authentication":"YmFuY2FFeHBlZGllbnRzOkQ0cHhmYjFxUEE5SWpSTlRLMS90cHpwbFRwc3dUbGFLMmZ5d3FlMUNRVFk9Om9uZXNhaXRwbGF0Zm9ybV9jb25maWc=","repeat":"1","crontab":"","dataflowStatusToCheck":["EDITED","FINISHED","RUN_ERROR","STOPPED","DISCONNECTED"],"stopAfterMatch":true,"resetCheckingOnIncomingMsg":true,"setTimeout":true,"timeout":60,"outputs":6,"x":380,"y":100,"wires":[["80b0704330e467ee","7de19711beab449e"],["80b0704330e467ee","7de19711beab449e"],["80b0704330e467ee","7de19711beab449e"],["80b0704330e467ee","7de19711beab449e"],["80b0704330e467ee","7de19711beab449e"],["7de19711beab449e"]]},{"id":"80b0704330e467ee","type":"Start Dataflow","z":"3cc6ee09366b4a41","name":"Lanzar flujo principal creacion expedientes","dataflowIdentification":"mainflowingestdata","authentication":"YmFuY2FFeHBlZGllbnRzOkQ0cHhmYjFxUEE5SWpSTlRLMS90cHpwbFRwc3dUbGFLMmZ5d3FlMUNRVFk9Om9uZXNhaXRwbGF0Zm9ybV9jb25maWc=","resetOrigin":false,"parameterInputs":[],"x":790,"y":100,"wires":[["edb9c5b5c97f415b"]]},{"id":"7de19711beab449e","type":"debug","z":"3cc6ee09366b4a41","name":"msg.payload","active":true,"tosidebar":true,"console":false,"tostatus":false,"complete":"payload","targetType":"msg","statusVal":"","statusType":"auto","x":690,"y":260,"wires":[]},{"id":"edb9c5b5c97f415b","type":"debug","z":"3cc6ee09366b4a41","name":"msg.payload","active":true,"tosidebar":true,"console":false,"tostatus":false,"complete":"payload","targetType":"msg","statusVal":"","statusType":"auto","x":1090,"y":100,"wires":[]}]