{
  "pipelineId" : "mainflowin9c82f7b3-241d-4762-8754-fb1af5fdb1cc",
  "title" : "mainflowingestdata",
  "description" : "",
  "created" : 1688558797348,
  "lastModified" : 1688629714221,
  "creator" : "user1",
  "lastModifier" : "user1",
  "lastRev" : "0",
  "uuid" : "5a603d52-4ffe-45bc-8948-922497b98932",
  "valid" : true,
  "metadata" : {
    "labels" : [ ]
  },
  "name" : "mainflowin9c82f7b3-241d-4762-8754-fb1af5fdb1cc",
  "sdcVersion" : "3.23.0",
  "sdcId" : "1a0f6b5e-93be-11ec-86f9-55f1e8a8e697"
}