{
  "schemaVersion" : 6,
  "version" : 23,
  "pipelineId" : "mainflowin9c82f7b3-241d-4762-8754-fb1af5fdb1cc",
  "title" : "mainflowingestdata",
  "description" : "",
  "uuid" : "5a603d52-4ffe-45bc-8948-922497b98932",
  "configuration" : [ {
    "name" : "executionMode",
    "value" : "STANDALONE"
  }, {
    "name" : "edgeHttpUrl",
    "value" : "http://localhost:18633"
  }, {
    "name" : "deliveryGuarantee",
    "value" : "AT_LEAST_ONCE"
  }, {
    "name" : "shouldRetry",
    "value" : true
  }, {
    "name" : "triggerInterval",
    "value" : 2000
  }, {
    "name" : "retryAttempts",
    "value" : -1
  }, {
    "name" : "ludicrousMode",
    "value" : false
  }, {
    "name" : "ludicrousModeInputCount",
    "value" : false
  }, {
    "name" : "advancedErrorHandling",
    "value" : false
  }, {
    "name" : "notifyOnStates",
    "value" : [ "RUN_ERROR", "STOPPED", "FINISHED" ]
  }, {
    "name" : "emailIDs",
    "value" : [ ]
  }, {
    "name" : "constants",
    "value" : [ ]
  }, {
    "name" : "errorRecordPolicy",
    "value" : "ORIGINAL_RECORD"
  }, {
    "name" : "workerCount",
    "value" : 0
  }, {
    "name" : "clusterSlaveMemory",
    "value" : 2048
  }, {
    "name" : "clusterSlaveJavaOpts",
    "value" : "-XX:+UseConcMarkSweepGC -XX:+UseParNewGC -Dlog4j.debug"
  }, {
    "name" : "clusterLauncherEnv",
    "value" : [ ]
  }, {
    "name" : "mesosDispatcherURL",
    "value" : null
  }, {
    "name" : "logLevel",
    "value" : "INFO"
  }, {
    "name" : "hdfsS3ConfDir",
    "value" : null
  }, {
    "name" : "rateLimit",
    "value" : 0
  }, {
    "name" : "maxRunners",
    "value" : 0
  }, {
    "name" : "shouldCreateFailureSnapshot",
    "value" : true
  }, {
    "name" : "runnerIdleTIme",
    "value" : 60
  }, {
    "name" : "webhookConfigs",
    "value" : [ ]
  }, {
    "name" : "sparkConfigs",
    "value" : [ ]
  }, {
    "name" : "preprocessScript",
    "value" : "/*\nThe following script define a method\nthat increments an integer by 1 \nand registers it as a UDF with \nthe SparkSession, which can be accessed\nusing the variable named \"spark\":\ndef inc(i: Integer): Integer = {\n  i + 1\n}\nspark.udf.register (\"inc\", inc _)\n\n*/"
  }, {
    "name" : "clusterConfig.clusterType",
    "value" : "LOCAL"
  }, {
    "name" : "clusterConfig.sparkMasterUrl",
    "value" : "local[*]"
  }, {
    "name" : "clusterConfig.deployMode",
    "value" : "CLIENT"
  }, {
    "name" : "clusterConfig.hadoopUserName",
    "value" : null
  }, {
    "name" : "clusterConfig.sparkAppName",
    "value" : "${pipeline:title()}"
  }, {
    "name" : "clusterConfig.stagingDir",
    "value" : "/streamsets"
  }, {
    "name" : "clusterConfig.useYarnKerberosKeytab",
    "value" : false
  }, {
    "name" : "clusterConfig.yarnKerberosKeytabSource",
    "value" : "PROPERTIES_FILE"
  }, {
    "name" : "clusterConfig.yarnKerberosKeytab",
    "value" : null
  }, {
    "name" : "clusterConfig.yarnKerberosKeytabBase64Bytes",
    "value" : null
  }, {
    "name" : "clusterConfig.yarnKerberosPrincipal",
    "value" : "name@DOMAIN"
  }, {
    "name" : "clusterConfig.callbackUrl",
    "value" : null
  }, {
    "name" : "databricksConfig.baseUrl",
    "value" : null
  }, {
    "name" : "databricksConfig.credentialType",
    "value" : null
  }, {
    "name" : "databricksConfig.username",
    "value" : null
  }, {
    "name" : "databricksConfig.password",
    "value" : null
  }, {
    "name" : "databricksConfig.token",
    "value" : null
  }, {
    "name" : "databricksConfig.provisionNewCluster",
    "value" : true
  }, {
    "name" : "databricksConfig.clusterId",
    "value" : null
  }, {
    "name" : "databricksConfig.clusterConfig",
    "value" : "{\n    \"num_workers\": 8,\n    \"spark_version\": \"5.3.x-scala2.11\",\n    \"node_type_id\": \"i3.xlarge\"\n}"
  }, {
    "name" : "databricksConfig.terminateCluster",
    "value" : false
  }, {
    "name" : "livyConfig.baseUrl",
    "value" : "https://localhost:30443/gateway/default/livy/v1/"
  }, {
    "name" : "livyConfig.username",
    "value" : null
  }, {
    "name" : "livyConfig.password",
    "value" : null
  }, {
    "name" : "googleCloudCredentialsConfig.projectId",
    "value" : null
  }, {
    "name" : "googleCloudCredentialsConfig.credentialsProvider",
    "value" : "DEFAULT_PROVIDER"
  }, {
    "name" : "googleCloudCredentialsConfig.path",
    "value" : null
  }, {
    "name" : "googleCloudCredentialsConfig.credentialsFileContent",
    "value" : null
  }, {
    "name" : "googleCloudConfig.region",
    "value" : null
  }, {
    "name" : "googleCloudConfig.customRegion",
    "value" : null
  }, {
    "name" : "googleCloudConfig.gcsStagingUri",
    "value" : null
  }, {
    "name" : "googleCloudConfig.create",
    "value" : false
  }, {
    "name" : "googleCloudConfig.clusterPrefix",
    "value" : null
  }, {
    "name" : "googleCloudConfig.version",
    "value" : "1.4-ubuntu18"
  }, {
    "name" : "googleCloudConfig.masterType",
    "value" : null
  }, {
    "name" : "googleCloudConfig.workerType",
    "value" : null
  }, {
    "name" : "googleCloudConfig.networkType",
    "value" : null
  }, {
    "name" : "googleCloudConfig.network",
    "value" : null
  }, {
    "name" : "googleCloudConfig.subnet",
    "value" : null
  }, {
    "name" : "googleCloudConfig.tags",
    "value" : [ ]
  }, {
    "name" : "googleCloudConfig.workerCount",
    "value" : 2
  }, {
    "name" : "googleCloudConfig.clusterName",
    "value" : null
  }, {
    "name" : "googleCloudConfig.terminate",
    "value" : null
  }, {
    "name" : "transformerEMRConfig.encryption",
    "value" : "NONE"
  }, {
    "name" : "transformerEMRConfig.kmsKeyId",
    "value" : null
  }, {
    "name" : "sdcEmrConnection.region",
    "value" : null
  }, {
    "name" : "sdcEmrConnection.customRegion",
    "value" : null
  }, {
    "name" : "sdcEmrConnection.awsConfig.awsAccessKeyId",
    "value" : null
  }, {
    "name" : "sdcEmrConnection.awsConfig.awsSecretAccessKey",
    "value" : null
  }, {
    "name" : "sdcEmrConnection.s3StagingUri",
    "value" : null
  }, {
    "name" : "sdcEmrConnection.provisionNewCluster",
    "value" : false
  }, {
    "name" : "sdcEmrConnection.clusterId",
    "value" : null
  }, {
    "name" : "sdcEmrConnection.clusterPrefix",
    "value" : null
  }, {
    "name" : "sdcEmrConnection.terminateCluster",
    "value" : false
  }, {
    "name" : "sdcEmrConnection.loggingEnabled",
    "value" : true
  }, {
    "name" : "sdcEmrConnection.s3LogUri",
    "value" : null
  }, {
    "name" : "sdcEmrConnection.serviceRole",
    "value" : "EMR_DefaultRole"
  }, {
    "name" : "sdcEmrConnection.jobFlowRole",
    "value" : "EMR_EC2_DefaultRole"
  }, {
    "name" : "sdcEmrConnection.visibleToAllUsers",
    "value" : true
  }, {
    "name" : "sdcEmrConnection.ec2SubnetId",
    "value" : null
  }, {
    "name" : "sdcEmrConnection.masterSecurityGroup",
    "value" : null
  }, {
    "name" : "sdcEmrConnection.slaveSecurityGroup",
    "value" : null
  }, {
    "name" : "sdcEmrConnection.instanceCount",
    "value" : 2
  }, {
    "name" : "sdcEmrConnection.masterInstanceType",
    "value" : null
  }, {
    "name" : "sdcEmrConnection.masterInstanceTypeCustom",
    "value" : null
  }, {
    "name" : "sdcEmrConnection.slaveInstanceType",
    "value" : null
  }, {
    "name" : "sdcEmrConnection.slaveInstanceTypeCustom",
    "value" : null
  }, {
    "name" : "sdcEmrConnection.awsConfig.credentialMode",
    "value" : "WITH_CREDENTIALS"
  }, {
    "name" : "enableEMRDebugging",
    "value" : true
  }, {
    "name" : "sdcEmrConnection.emrVersion",
    "value" : "5.20.0"
  }, {
    "name" : "transformerEmrConnection.emrVersion",
    "value" : null
  }, {
    "name" : "transformerEmrConnection.region",
    "value" : null
  }, {
    "name" : "transformerEmrConnection.customRegion",
    "value" : null
  }, {
    "name" : "transformerEmrConnection.awsConfig.awsAccessKeyId",
    "value" : null
  }, {
    "name" : "transformerEmrConnection.awsConfig.awsSecretAccessKey",
    "value" : null
  }, {
    "name" : "transformerEmrConnection.s3StagingUri",
    "value" : null
  }, {
    "name" : "transformerEmrConnection.provisionNewCluster",
    "value" : false
  }, {
    "name" : "transformerEmrConnection.clusterId",
    "value" : null
  }, {
    "name" : "transformerEmrConnection.clusterPrefix",
    "value" : null
  }, {
    "name" : "transformerEmrConnection.terminateCluster",
    "value" : false
  }, {
    "name" : "transformerEmrConnection.loggingEnabled",
    "value" : true
  }, {
    "name" : "transformerEmrConnection.s3LogUri",
    "value" : null
  }, {
    "name" : "transformerEmrConnection.serviceRole",
    "value" : "EMR_DefaultRole"
  }, {
    "name" : "transformerEmrConnection.jobFlowRole",
    "value" : "EMR_EC2_DefaultRole"
  }, {
    "name" : "transformerEmrConnection.visibleToAllUsers",
    "value" : true
  }, {
    "name" : "transformerEmrConnection.ec2SubnetId",
    "value" : null
  }, {
    "name" : "transformerEmrConnection.masterSecurityGroup",
    "value" : null
  }, {
    "name" : "transformerEmrConnection.slaveSecurityGroup",
    "value" : null
  }, {
    "name" : "transformerEmrConnection.serviceAccessSecurityGroup",
    "value" : null
  }, {
    "name" : "transformerEmrConnection.instanceCount",
    "value" : 2
  }, {
    "name" : "transformerEmrConnection.masterInstanceType",
    "value" : null
  }, {
    "name" : "transformerEmrConnection.masterInstanceTypeCustom",
    "value" : null
  }, {
    "name" : "transformerEmrConnection.slaveInstanceType",
    "value" : null
  }, {
    "name" : "transformerEmrConnection.slaveInstanceTypeCustom",
    "value" : null
  }, {
    "name" : "transformerEmrConnection.awsConfig.credentialMode",
    "value" : "WITH_CREDENTIALS"
  }, {
    "name" : "sdcEmrConnection.stepConcurrency",
    "value" : 1
  }, {
    "name" : "transformerEmrConnection.stepConcurrency",
    "value" : 1
  }, {
    "name" : "sdcEmrConnection.defineBootstrapActions",
    "value" : false
  }, {
    "name" : "sdcEmrConnection.bootstrapActionSource",
    "value" : "IN_S3"
  }, {
    "name" : "sdcEmrConnection.bootstrapActions",
    "value" : [ ]
  }, {
    "name" : "sdcEmrConnection.bootstrapActionScripts",
    "value" : [ ]
  }, {
    "name" : "transformerEmrConnection.defineBootstrapActions",
    "value" : false
  }, {
    "name" : "transformerEmrConnection.bootstrapActionSource",
    "value" : "IN_S3"
  }, {
    "name" : "transformerEmrConnection.bootstrapActions",
    "value" : [ ]
  }, {
    "name" : "transformerEmrConnection.bootstrapActionScripts",
    "value" : [ ]
  }, {
    "name" : "badRecordsHandling",
    "value" : "streamsets-datacollector-basic-lib::com_streamsets_pipeline_stage_destination_devnull_ToErrorNullDTarget::1"
  }, {
    "name" : "statsAggregatorStage",
    "value" : "streamsets-datacollector-basic-lib::com_streamsets_pipeline_stage_destination_devnull_StatsDpmDirectlyDTarget::1"
  }, {
    "name" : "startEventStage",
    "value" : "streamsets-datacollector-basic-lib::com_streamsets_pipeline_stage_destination_devnull_ToErrorNullDTarget::1"
  }, {
    "name" : "stopEventStage",
    "value" : "streamsets-datacollector-basic-lib::com_streamsets_pipeline_stage_destination_devnull_ToErrorNullDTarget::1"
  }, {
    "name" : "testOriginStage",
    "value" : "streamsets-datacollector-dev-lib::com_streamsets_pipeline_stage_devtest_rawdata_RawDataDSource::3"
  }, {
    "name" : "sdcEmrConnectionSelection",
    "value" : "MANUAL"
  }, {
    "name" : "sdcEmrConnection.awsConfig.roleARN",
    "value" : "arn:aws:iam::<account-id>:role/role-name"
  }, {
    "name" : "sdcEmrConnection.awsConfig.roleSessionName",
    "value" : null
  }, {
    "name" : "sdcEmrConnection.awsConfig.sessionDuration",
    "value" : 3600
  }, {
    "name" : "sdcEmrConnection.awsConfig.setSessionTags",
    "value" : true
  }, {
    "name" : "sdcEmrConnection.serviceAccessSecurityGroup",
    "value" : null
  }, {
    "name" : "transformerEmrConnectionSelection",
    "value" : "MANUAL"
  }, {
    "name" : "transformerEmrConnection.awsConfig.roleARN",
    "value" : "arn:aws:iam::<account-id>:role/role-name"
  }, {
    "name" : "transformerEmrConnection.awsConfig.roleSessionName",
    "value" : null
  }, {
    "name" : "transformerEmrConnection.awsConfig.sessionDuration",
    "value" : 3600
  }, {
    "name" : "transformerEmrConnection.awsConfig.setSessionTags",
    "value" : true
  } ],
  "uiInfo" : {
    "displayMode" : "BASIC",
    "previewConfig" : {
      "previewSource" : "CONFIGURED_SOURCE",
      "batchSize" : "10",
      "timeout" : 30000,
      "writeToDestinations" : false,
      "executeLifecycleEvents" : true,
      "showHeader" : true,
      "showFieldType" : true,
      "rememberMe" : false
    }
  },
  "fragments" : [ ],
  "stages" : [ {
    "instanceName" : "HTTPClient_01",
    "library" : "streamsets-datacollector-basic-lib",
    "stageName" : "com_streamsets_pipeline_stage_origin_http_HttpClientDSource",
    "stageVersion" : "19",
    "configuration" : [ {
      "name" : "conf.basic.maxBatchSize",
      "value" : 1000
    }, {
      "name" : "conf.basic.maxWaitTime",
      "value" : 2000
    }, {
      "name" : "conf.dataFormatConfig.compression",
      "value" : "NONE"
    }, {
      "name" : "conf.dataFormatConfig.filePatternInArchive",
      "value" : "*"
    }, {
      "name" : "conf.dataFormatConfig.charset",
      "value" : "UTF-8"
    }, {
      "name" : "conf.dataFormatConfig.removeCtrlChars",
      "value" : false
    }, {
      "name" : "conf.dataFormatConfig.textMaxLineLen",
      "value" : 1024000
    }, {
      "name" : "conf.dataFormatConfig.useCustomDelimiter",
      "value" : false
    }, {
      "name" : "conf.dataFormatConfig.customDelimiter",
      "value" : "\\r\\n"
    }, {
      "name" : "conf.dataFormatConfig.includeCustomDelimiterInTheText",
      "value" : false
    }, {
      "name" : "conf.dataFormatConfig.jsonContent",
      "value" : "ARRAY_OBJECTS"
    }, {
      "name" : "conf.dataFormatConfig.jsonMaxObjectLen",
      "value" : 409600
    }, {
      "name" : "conf.dataFormatConfig.csvFileFormat",
      "value" : "CSV"
    }, {
      "name" : "conf.dataFormatConfig.csvHeader",
      "value" : "NO_HEADER"
    }, {
      "name" : "conf.dataFormatConfig.csvAllowExtraColumns",
      "value" : false
    }, {
      "name" : "conf.dataFormatConfig.csvExtraColumnPrefix",
      "value" : "_extra_"
    }, {
      "name" : "conf.dataFormatConfig.csvMaxObjectLen",
      "value" : 1024
    }, {
      "name" : "conf.dataFormatConfig.csvCustomDelimiter",
      "value" : "|"
    }, {
      "name" : "conf.dataFormatConfig.multiCharacterFieldDelimiter",
      "value" : "||"
    }, {
      "name" : "conf.dataFormatConfig.multiCharacterLineDelimiter",
      "value" : "${str:unescapeJava('\\\\n')}"
    }, {
      "name" : "conf.dataFormatConfig.csvCustomEscape",
      "value" : "\\"
    }, {
      "name" : "conf.dataFormatConfig.csvCustomQuote",
      "value" : "\""
    }, {
      "name" : "conf.dataFormatConfig.csvEnableComments",
      "value" : false
    }, {
      "name" : "conf.dataFormatConfig.csvCommentMarker",
      "value" : "#"
    }, {
      "name" : "conf.dataFormatConfig.csvIgnoreEmptyLines",
      "value" : true
    }, {
      "name" : "conf.dataFormatConfig.csvRecordType",
      "value" : "LIST_MAP"
    }, {
      "name" : "conf.dataFormatConfig.csvSkipStartLines",
      "value" : 0
    }, {
      "name" : "conf.dataFormatConfig.parseNull",
      "value" : false
    }, {
      "name" : "conf.dataFormatConfig.nullConstant",
      "value" : "\\\\N"
    }, {
      "name" : "conf.dataFormatConfig.xmlRecordElement",
      "value" : null
    }, {
      "name" : "conf.dataFormatConfig.preserveRootElement",
      "value" : true
    }, {
      "name" : "conf.dataFormatConfig.includeFieldXpathAttributes",
      "value" : false
    }, {
      "name" : "conf.dataFormatConfig.xPathNamespaceContext",
      "value" : [ ]
    }, {
      "name" : "conf.dataFormatConfig.outputFieldAttributes",
      "value" : false
    }, {
      "name" : "conf.dataFormatConfig.xmlMaxObjectLen",
      "value" : 4096
    }, {
      "name" : "conf.dataFormatConfig.logMode",
      "value" : "COMMON_LOG_FORMAT"
    }, {
      "name" : "conf.dataFormatConfig.logMaxObjectLen",
      "value" : 1024
    }, {
      "name" : "conf.dataFormatConfig.retainOriginalLine",
      "value" : false
    }, {
      "name" : "conf.dataFormatConfig.customLogFormat",
      "value" : "%h %l %u %t \"%r\" %>s %b"
    }, {
      "name" : "conf.dataFormatConfig.regex",
      "value" : "^(\\S+) (\\S+) (\\S+) \\[([\\w:/]+\\s[+\\-]\\d{4})\\] \"(\\S+) (\\S+) (\\S+)\" (\\d{3}) (\\d+)"
    }, {
      "name" : "conf.dataFormatConfig.fieldPathsToGroupName",
      "value" : [ {
        "fieldPath" : "/",
        "group" : 1
      } ]
    }, {
      "name" : "conf.dataFormatConfig.grokPatternDefinition",
      "value" : null
    }, {
      "name" : "conf.dataFormatConfig.grokPattern",
      "value" : "%{COMMONAPACHELOG}"
    }, {
      "name" : "conf.dataFormatConfig.onParseError",
      "value" : "ERROR"
    }, {
      "name" : "conf.dataFormatConfig.maxStackTraceLines",
      "value" : 50
    }, {
      "name" : "conf.dataFormatConfig.enableLog4jCustomLogFormat",
      "value" : false
    }, {
      "name" : "conf.dataFormatConfig.log4jCustomLogFormat",
      "value" : "%r [%t] %-5p %c %x - %m%n"
    }, {
      "name" : "conf.dataFormatConfig.avroSchemaSource",
      "value" : null
    }, {
      "name" : "conf.dataFormatConfig.avroSchema",
      "value" : null
    }, {
      "name" : "conf.dataFormatConfig.schemaRegistryUrls",
      "value" : [ "" ]
    }, {
      "name" : "conf.dataFormatConfig.basicAuth",
      "value" : null
    }, {
      "name" : "conf.dataFormatConfig.schemaLookupMode",
      "value" : "SUBJECT"
    }, {
      "name" : "conf.dataFormatConfig.subject",
      "value" : null
    }, {
      "name" : "conf.dataFormatConfig.schemaId",
      "value" : null
    }, {
      "name" : "conf.dataFormatConfig.avroSkipUnionIndex",
      "value" : false
    }, {
      "name" : "conf.dataFormatConfig.protoDescriptorFile",
      "value" : null
    }, {
      "name" : "conf.dataFormatConfig.messageType",
      "value" : null
    }, {
      "name" : "conf.dataFormatConfig.isDelimited",
      "value" : true
    }, {
      "name" : "conf.dataFormatConfig.binaryMaxObjectLen",
      "value" : 1024
    }, {
      "name" : "conf.dataFormatConfig.datagramMode",
      "value" : "SYSLOG"
    }, {
      "name" : "conf.dataFormatConfig.typesDbPath",
      "value" : null
    }, {
      "name" : "conf.dataFormatConfig.convertTime",
      "value" : false
    }, {
      "name" : "conf.dataFormatConfig.excludeInterval",
      "value" : true
    }, {
      "name" : "conf.dataFormatConfig.authFilePath",
      "value" : null
    }, {
      "name" : "conf.dataFormatConfig.netflowOutputValuesMode",
      "value" : "RAW_AND_INTERPRETED"
    }, {
      "name" : "conf.dataFormatConfig.maxTemplateCacheSize",
      "value" : -1
    }, {
      "name" : "conf.dataFormatConfig.templateCacheTimeoutMs",
      "value" : -1
    }, {
      "name" : "conf.dataFormatConfig.netflowOutputValuesModeDatagram",
      "value" : "RAW_AND_INTERPRETED"
    }, {
      "name" : "conf.dataFormatConfig.maxTemplateCacheSizeDatagram",
      "value" : -1
    }, {
      "name" : "conf.dataFormatConfig.templateCacheTimeoutMsDatagram",
      "value" : -1
    }, {
      "name" : "conf.dataFormatConfig.wholeFileMaxObjectLen",
      "value" : 8192
    }, {
      "name" : "conf.dataFormatConfig.rateLimit",
      "value" : "-1"
    }, {
      "name" : "conf.dataFormatConfig.verifyChecksum",
      "value" : false
    }, {
      "name" : "conf.dataFormatConfig.excelHeader",
      "value" : null
    }, {
      "name" : "conf.dataFormatConfig.excelSkipCellsWithNoHeader",
      "value" : false
    }, {
      "name" : "conf.dataFormatConfig.excelReadAllSheets",
      "value" : true
    }, {
      "name" : "conf.dataFormatConfig.excelSheetNames",
      "value" : [ "" ]
    }, {
      "name" : "conf.resourceUrl",
      "value" : "https://development.onesaitplatform.com/api-manager/server/api/v1/bankForm/formData"
    }, {
      "name" : "conf.headers",
      "value" : [ {
        "key" : "X-OP-APIKey",
        "value" : "8f1fdc5ab7c64f75a1aea40ce401a7c6"
      }, {
        "key" : "Accept",
        "value" : "*/*"
      } ]
    }, {
      "name" : "conf.httpMethod",
      "value" : "GET"
    }, {
      "name" : "conf.timeZoneID",
      "value" : "UTC"
    }, {
      "name" : "conf.requestBody",
      "value" : null
    }, {
      "name" : "conf.defaultRequestContentType",
      "value" : "application/json"
    }, {
      "name" : "conf.client.transferEncoding",
      "value" : "BUFFERED"
    }, {
      "name" : "conf.client.httpCompression",
      "value" : "NONE"
    }, {
      "name" : "conf.client.connectTimeoutMillis",
      "value" : 250000
    }, {
      "name" : "conf.client.readTimeoutMillis",
      "value" : 30000
    }, {
      "name" : "conf.client.authType",
      "value" : "NONE"
    }, {
      "name" : "conf.client.spnegoPrincipal",
      "value" : null
    }, {
      "name" : "conf.client.spnegoPrincipalPassword",
      "value" : null
    }, {
      "name" : "conf.client.spnegoKeytabFile",
      "value" : null
    }, {
      "name" : "conf.client.useOAuth2",
      "value" : false
    }, {
      "name" : "conf.client.oauth.consumerKey",
      "value" : null
    }, {
      "name" : "conf.client.oauth.consumerSecret",
      "value" : null
    }, {
      "name" : "conf.client.oauth.token",
      "value" : null
    }, {
      "name" : "conf.client.oauth.tokenSecret",
      "value" : null
    }, {
      "name" : "conf.client.oauth2.credentialsGrantType",
      "value" : "JWT"
    }, {
      "name" : "conf.client.oauth2.tokenUrl",
      "value" : null
    }, {
      "name" : "conf.client.oauth2.clientId",
      "value" : null
    }, {
      "name" : "conf.client.oauth2.clientSecret",
      "value" : null
    }, {
      "name" : "conf.client.oauth2.username",
      "value" : null
    }, {
      "name" : "conf.client.oauth2.password",
      "value" : null
    }, {
      "name" : "conf.client.oauth2.resourceOwnerClientId",
      "value" : null
    }, {
      "name" : "conf.client.oauth2.resourceOwnerClientSecret",
      "value" : null
    }, {
      "name" : "conf.client.oauth2.algorithm",
      "value" : "NONE"
    }, {
      "name" : "conf.client.oauth2.key",
      "value" : null
    }, {
      "name" : "conf.client.oauth2.jwtClaims",
      "value" : null
    }, {
      "name" : "conf.client.oauth2.transferEncoding",
      "value" : "BUFFERED"
    }, {
      "name" : "conf.client.oauth2.additionalValues",
      "value" : [ { } ]
    }, {
      "name" : "conf.client.basicAuth.username",
      "value" : null
    }, {
      "name" : "conf.client.basicAuth.password",
      "value" : null
    }, {
      "name" : "conf.client.useProxy",
      "value" : false
    }, {
      "name" : "conf.client.proxy.uri",
      "value" : null
    }, {
      "name" : "conf.client.proxy.username",
      "value" : null
    }, {
      "name" : "conf.client.proxy.password",
      "value" : null
    }, {
      "name" : "conf.client.tlsConfig.tlsEnabled",
      "value" : false
    }, {
      "name" : "conf.client.tlsConfig.useRemoteKeyStore",
      "value" : false
    }, {
      "name" : "conf.client.tlsConfig.keyStoreFilePath",
      "value" : null
    }, {
      "name" : "conf.client.tlsConfig.privateKey",
      "value" : null
    }, {
      "name" : "conf.client.tlsConfig.certificateChain",
      "value" : [ { } ]
    }, {
      "name" : "conf.client.tlsConfig.keyStoreType",
      "value" : "JKS"
    }, {
      "name" : "conf.client.tlsConfig.keyStorePassword",
      "value" : null
    }, {
      "name" : "conf.client.tlsConfig.keyStoreAlgorithm",
      "value" : "SunX509"
    }, {
      "name" : "conf.client.tlsConfig.useRemoteTrustStore",
      "value" : false
    }, {
      "name" : "conf.client.tlsConfig.trustStoreFilePath",
      "value" : null
    }, {
      "name" : "conf.client.tlsConfig.trustedCertificates",
      "value" : [ { } ]
    }, {
      "name" : "conf.client.tlsConfig.trustStoreType",
      "value" : "JKS"
    }, {
      "name" : "conf.client.tlsConfig.trustStorePassword",
      "value" : null
    }, {
      "name" : "conf.client.tlsConfig.trustStoreAlgorithm",
      "value" : "SunX509"
    }, {
      "name" : "conf.client.tlsConfig.useDefaultProtocols",
      "value" : true
    }, {
      "name" : "conf.client.tlsConfig.protocols",
      "value" : [ "" ]
    }, {
      "name" : "conf.client.tlsConfig.useDefaultCiperSuites",
      "value" : true
    }, {
      "name" : "conf.client.tlsConfig.cipherSuites",
      "value" : [ "" ]
    }, {
      "name" : "conf.client.requestLoggingConfig.enableRequestLogging",
      "value" : true
    }, {
      "name" : "conf.client.requestLoggingConfig.logLevel",
      "value" : "FINE"
    }, {
      "name" : "conf.client.requestLoggingConfig.verbosity",
      "value" : "HEADERS_ONLY"
    }, {
      "name" : "conf.client.requestLoggingConfig.maxEntitySize",
      "value" : 0
    }, {
      "name" : "conf.httpMode",
      "value" : "BATCH"
    }, {
      "name" : "conf.pollingInterval",
      "value" : 50000000
    }, {
      "name" : "conf.dataFormat",
      "value" : "JSON"
    }, {
      "name" : "conf.responseStatusActionConfigs",
      "value" : [ {
        "statusCode" : 500,
        "action" : "RETRY_EXPONENTIAL_BACKOFF",
        "backoffInterval" : 1000,
        "maxNumRetries" : 5
      } ]
    }, {
      "name" : "conf.propagateAllHttpResponses",
      "value" : false
    }, {
      "name" : "conf.errorResponseField",
      "value" : "outErrorBody"
    }, {
      "name" : "conf.responseTimeoutActionConfig.action",
      "value" : "RETRY_IMMEDIATELY"
    }, {
      "name" : "conf.responseTimeoutActionConfig.backoffInterval",
      "value" : 1000
    }, {
      "name" : "conf.responseTimeoutActionConfig.maxNumRetries",
      "value" : 10
    }, {
      "name" : "conf.pagination.mode",
      "value" : "NONE"
    }, {
      "name" : "conf.pagination.nextPageURLPrefix",
      "value" : null
    }, {
      "name" : "conf.pagination.nextPageFieldPath",
      "value" : null
    }, {
      "name" : "conf.pagination.stopCondition",
      "value" : null
    }, {
      "name" : "conf.pagination.startAt",
      "value" : null
    }, {
      "name" : "conf.pagination.resultFieldPath",
      "value" : null
    }, {
      "name" : "conf.pagination.keepAllFields",
      "value" : false
    }, {
      "name" : "conf.pagination.rateLimit",
      "value" : 2000
    }, {
      "name" : "stageOnRecordError",
      "value" : "TO_ERROR"
    }, {
      "name" : "conf.dataFormatConfig.csvParser",
      "value" : "LEGACY_PARSER"
    }, {
      "name" : "conf.dataFormatConfig.csvUnivocityFieldSeparator",
      "value" : ","
    }, {
      "name" : "conf.dataFormatConfig.csvUnivocityLineSeparator",
      "value" : "${str:unescapeJava('\\\\n')}"
    }, {
      "name" : "conf.dataFormatConfig.csvUnivocityEscape",
      "value" : "\\"
    }, {
      "name" : "conf.dataFormatConfig.csvUnivocityQuote",
      "value" : "\""
    }, {
      "name" : "conf.dataFormatConfig.csvUnivocityMaxColumns",
      "value" : 1000
    }, {
      "name" : "conf.dataFormatConfig.csvUnivocityMaxCharsPerColumn",
      "value" : 1000
    }, {
      "name" : "conf.dataFormatConfig.csvUnivocitySkipEmptyLines",
      "value" : true
    }, {
      "name" : "conf.dataFormatConfig.csvUnivocityAllowComments",
      "value" : false
    }, {
      "name" : "conf.dataFormatConfig.csvUnivocityCommentMarker",
      "value" : "#"
    } ],
    "uiInfo" : {
      "yPos" : 48.956817626953125,
      "stageType" : "SOURCE",
      "icon" : "httpclient.png",
      "description" : "obtain bank form data",
      "label" : "BankForm",
      "xPos" : 40.769981384277344,
      "displayMode" : "ADVANCED"
    },
    "inputLanes" : [ ],
    "outputLanes" : [ "HTTPClient_01OutputLane16716246461230" ],
    "eventLanes" : [ ],
    "services" : [ ]
  }, {
    "instanceName" : "JSONParser_01",
    "library" : "streamsets-datacollector-basic-lib",
    "stageName" : "com_streamsets_pipeline_stage_processor_jsonparser_JsonParserDProcessor",
    "stageVersion" : "1",
    "configuration" : [ {
      "name" : "fieldPathToParse",
      "value" : "/data"
    }, {
      "name" : "removeCtrlChars",
      "value" : false
    }, {
      "name" : "parsedFieldPath",
      "value" : "/"
    }, {
      "name" : "stageOnRecordError",
      "value" : "TO_ERROR"
    }, {
      "name" : "stageRequiredFields",
      "value" : [ ]
    }, {
      "name" : "stageRecordPreconditions",
      "value" : [ ]
    } ],
    "uiInfo" : {
      "yPos" : 45.05973815917969,
      "stageType" : "PROCESSOR",
      "icon" : "json.png",
      "description" : "",
      "label" : "Parseo de JSON a Objetos",
      "xPos" : 283.18927001953125,
      "displayMode" : "ADVANCED"
    },
    "inputLanes" : [ "HTTPClient_01OutputLane16716246461230" ],
    "outputLanes" : [ "JSONParser_01OutputLane16732619319230" ],
    "eventLanes" : [ ],
    "services" : [ ]
  }, {
    "instanceName" : "OnesaitPlatformLookup_01",
    "library" : "onesaitplatform-streamsets",
    "stageName" : "com_minsait_onesait_platform_streamsets_processor_OnesaitplatformDProcessor",
    "stageVersion" : "3",
    "configuration" : [ {
      "name" : "stageDConfig.protocol",
      "value" : "http"
    }, {
      "name" : "stageDConfig.host",
      "value" : "iotbrokerservice"
    }, {
      "name" : "stageDConfig.port",
      "value" : 19000
    }, {
      "name" : "stageDConfig.avoidSSL",
      "value" : false
    }, {
      "name" : "stageDConfig.timeout",
      "value" : 5000
    }, {
      "name" : "stageDConfig.token",
      "value" : "129e6bf8342b4a6eaeb17e67e35f8600"
    }, {
      "name" : "stageDConfig.device",
      "value" : "bank_cli"
    }, {
      "name" : "stageDConfig.deviceId",
      "value" : "IoTClientID"
    }, {
      "name" : "stageDConfig.ontology",
      "value" : "t_interviniente"
    }, {
      "name" : "stageDConfig.proxyDConfig.useProxy",
      "value" : false
    }, {
      "name" : "stageDConfig.proxyDConfig.proxyHost",
      "value" : null
    }, {
      "name" : "stageDConfig.proxyDConfig.proxyPort",
      "value" : 80
    }, {
      "name" : "stageDConfig.proxyDConfig.proxyUser",
      "value" : null
    }, {
      "name" : "stageDConfig.proxyDConfig.proxyUserPassword",
      "value" : null
    }, {
      "name" : "maxCharacters",
      "value" : 10000000
    }, {
      "name" : "thread",
      "value" : 1
    }, {
      "name" : "callType",
      "value" : "FIELDMATCHING"
    }, {
      "name" : "query",
      "value" : "SELECT * FROM <ontology> WHERE ..."
    }, {
      "name" : "columnSelector",
      "value" : [ {
        "columnName" : "ID_TIPO_INTERVINIENTE"
      } ]
    }, {
      "name" : "columnMappings",
      "value" : [ {
        "operator" : "EQUALS",
        "isTimeStamp" : false,
        "field" : "/OPERACION_INTERVINIENTE/ID_TIPO_INTERVINIENTE",
        "columnName" : "ID_TIPO_INTERVINIENTE",
        "searchPath" : ""
      } ]
    }, {
      "name" : "multipleValues",
      "value" : "FIRST"
    }, {
      "name" : "dataPosition",
      "value" : "/error"
    }, {
      "name" : "noValuePolicy",
      "value" : "NULLS"
    }, {
      "name" : "localCache",
      "value" : false
    }, {
      "name" : "limitCache",
      "value" : false
    }, {
      "name" : "entriesNumber",
      "value" : 1000
    }, {
      "name" : "cacheExpiration",
      "value" : true
    }, {
      "name" : "timeValue",
      "value" : 60
    }, {
      "name" : "timeUnit",
      "value" : "MINUTES"
    }, {
      "name" : "expirationPolicy",
      "value" : "ACCESS"
    }, {
      "name" : "retryMissing",
      "value" : false
    }, {
      "name" : "initialLoad",
      "value" : false
    }, {
      "name" : "maxRecordInitialLoad",
      "value" : 2000
    }, {
      "name" : "stageOnRecordError",
      "value" : "TO_ERROR"
    }, {
      "name" : "stageRequiredFields",
      "value" : [ ]
    }, {
      "name" : "stageRecordPreconditions",
      "value" : [ ]
    } ],
    "uiInfo" : {
      "yPos" : 59.00103759765625,
      "stageType" : "PROCESSOR",
      "icon" : "onesait_vector_processor.png",
      "description" : "",
      "label" : "OnesaitPlatform Lookup validar",
      "xPos" : 508.92987060546875,
      "displayMode" : "ADVANCED"
    },
    "inputLanes" : [ "JSONParser_01OutputLane16732619319230" ],
    "outputLanes" : [ "OnesaitPlatformLookup_01OutputLane16742102882110" ],
    "eventLanes" : [ ],
    "services" : [ ]
  }, {
    "instanceName" : "StreamSelector_02",
    "library" : "streamsets-datacollector-basic-lib",
    "stageName" : "com_streamsets_pipeline_stage_processor_selector_SelectorDProcessor",
    "stageVersion" : "1",
    "configuration" : [ {
      "name" : "lanePredicates",
      "value" : [ {
        "outputLane" : "StreamSelector_02OutputLane16748232221950",
        "predicate" : "${record:value(\"/error/ID_TIPO_INTERVINIENTE\")!=NULL}"
      }, {
        "outputLane" : "StreamSelector_02OutputLane16748232221952",
        "predicate" : "default"
      } ]
    }, {
      "name" : "stageOnRecordError",
      "value" : "TO_ERROR"
    }, {
      "name" : "stageRequiredFields",
      "value" : [ ]
    }, {
      "name" : "stageRecordPreconditions",
      "value" : [ ]
    } ],
    "uiInfo" : {
      "yPos" : 111.4554443359375,
      "stageType" : "PROCESSOR",
      "icon" : "laneSelector.png",
      "description" : "",
      "label" : "existe ID_TIPO_INTERVINIENTE",
      "xPos" : 720.4550170898438,
      "displayMode" : "BASIC"
    },
    "inputLanes" : [ "OnesaitPlatformLookup_01OutputLane16742102882110" ],
    "outputLanes" : [ "StreamSelector_02OutputLane16748232221950", "StreamSelector_02OutputLane16748232221952" ],
    "eventLanes" : [ ],
    "services" : [ ]
  }, {
    "instanceName" : "FieldRemover_01",
    "library" : "streamsets-datacollector-basic-lib",
    "stageName" : "com_streamsets_pipeline_stage_processor_fieldfilter_FieldFilterDProcessor",
    "stageVersion" : "1",
    "configuration" : [ {
      "name" : "filterOperation",
      "value" : "REMOVE"
    }, {
      "name" : "fields",
      "value" : [ "/error" ]
    }, {
      "name" : "constant",
      "value" : null
    }, {
      "name" : "stageRequiredFields",
      "value" : [ ]
    }, {
      "name" : "stageRecordPreconditions",
      "value" : [ ]
    } ],
    "uiInfo" : {
      "yPos" : 39.69799041748047,
      "stageType" : "PROCESSOR",
      "icon" : "filter.png",
      "description" : "",
      "label" : "Eliminar campo error",
      "xPos" : 940.302001953125,
      "displayMode" : "BASIC"
    },
    "inputLanes" : [ "StreamSelector_02OutputLane16748232221950" ],
    "outputLanes" : [ "FieldRemover_01OutputLane16742153538720" ],
    "eventLanes" : [ ],
    "services" : [ ]
  }, {
    "instanceName" : "ExpressionEvaluator_01",
    "library" : "streamsets-datacollector-basic-lib",
    "stageName" : "com_streamsets_pipeline_stage_processor_expression_ExpressionDProcessor",
    "stageVersion" : "2",
    "configuration" : [ {
      "name" : "expressionProcessorConfigs",
      "value" : [ {
        "fieldToSet" : "/error",
        "expression" : "${record:value(\"/EXPEDIENTE/ID_ENTIDAD\")==NULL?'EXPEDIENTE.ID_ENTIDAD can not be null':null}"
      }, {
        "fieldToSet" : "/error",
        "expression" : "${record:value('/EXPEDIENTE/ID_OFICINA')==NULL?'EXPEDIENTE.ID_OFICINA can not be null':null}"
      } ]
    }, {
      "name" : "headerAttributeConfigs",
      "value" : [ { } ]
    }, {
      "name" : "fieldAttributeConfigs",
      "value" : [ {
        "fieldToSet" : "/"
      } ]
    }, {
      "name" : "stageOnRecordError",
      "value" : "TO_ERROR"
    }, {
      "name" : "stageRequiredFields",
      "value" : [ ]
    }, {
      "name" : "stageRecordPreconditions",
      "value" : [ ]
    } ],
    "uiInfo" : {
      "yPos" : 34.44927978515625,
      "stageType" : "PROCESSOR",
      "icon" : "expression.png",
      "description" : "",
      "label" : "Validaciones",
      "xPos" : 1167.302490234375,
      "displayMode" : "BASIC"
    },
    "inputLanes" : [ "FieldRemover_01OutputLane16742153538720" ],
    "outputLanes" : [ "ExpressionEvaluator_01OutputLane16748290572950" ],
    "eventLanes" : [ ],
    "services" : [ ]
  }, {
    "instanceName" : "StreamSelector_01",
    "library" : "streamsets-datacollector-basic-lib",
    "stageName" : "com_streamsets_pipeline_stage_processor_selector_SelectorDProcessor",
    "stageVersion" : "1",
    "configuration" : [ {
      "name" : "lanePredicates",
      "value" : [ {
        "outputLane" : "StreamSelector_01OutputLane1674826865201",
        "predicate" : "${record:value(\"/error\")!=NULL}"
      }, {
        "outputLane" : "StreamSelector_01OutputLane1674123955848",
        "predicate" : "${record:value(\"/EXPEDIENTE/ID_ENTIDAD\")==1 && record:value(\"/error\")==NULL}"
      }, {
        "outputLane" : "StreamSelector_01OutputLane1673262146457",
        "predicate" : "${record:value(\"/EXPEDIENTE/ID_ENTIDAD\")==2 && record:value(\"/error\")==NULL}"
      }, {
        "outputLane" : "StreamSelector_01OutputLane1673262142279",
        "predicate" : "default"
      } ]
    }, {
      "name" : "stageOnRecordError",
      "value" : "TO_ERROR"
    }, {
      "name" : "stageRequiredFields",
      "value" : [ ]
    }, {
      "name" : "stageRecordPreconditions",
      "value" : [ ]
    } ],
    "uiInfo" : {
      "yPos" : 56.516754150390625,
      "stageType" : "PROCESSOR",
      "icon" : "laneSelector.png",
      "description" : "",
      "label" : "Stream Selector",
      "xPos" : 1378.7197265625,
      "displayMode" : "ADVANCED"
    },
    "inputLanes" : [ "ExpressionEvaluator_01OutputLane16748290572950" ],
    "outputLanes" : [ "StreamSelector_01OutputLane1674826865201", "StreamSelector_01OutputLane1674123955848", "StreamSelector_01OutputLane1673262146457", "StreamSelector_01OutputLane1673262142279" ],
    "eventLanes" : [ ],
    "services" : [ ]
  }, {
    "instanceName" : "HTTPClient_03",
    "library" : "streamsets-datacollector-basic-lib",
    "stageName" : "com_streamsets_pipeline_stage_destination_http_HttpClientDTarget",
    "stageVersion" : "6",
    "configuration" : [ {
      "name" : "conf.dataGeneratorFormatConfig.charset",
      "value" : "UTF-8"
    }, {
      "name" : "conf.dataGeneratorFormatConfig.csvFileFormat",
      "value" : "CSV"
    }, {
      "name" : "conf.dataGeneratorFormatConfig.csvHeader",
      "value" : "NO_HEADER"
    }, {
      "name" : "conf.dataGeneratorFormatConfig.csvReplaceNewLines",
      "value" : true
    }, {
      "name" : "conf.dataGeneratorFormatConfig.csvReplaceNewLinesString",
      "value" : " "
    }, {
      "name" : "conf.dataGeneratorFormatConfig.csvCustomDelimiter",
      "value" : "|"
    }, {
      "name" : "conf.dataGeneratorFormatConfig.csvCustomEscape",
      "value" : "\\"
    }, {
      "name" : "conf.dataGeneratorFormatConfig.csvCustomQuote",
      "value" : "\""
    }, {
      "name" : "conf.dataGeneratorFormatConfig.csvQuoteMode",
      "value" : "MINIMAL"
    }, {
      "name" : "conf.dataGeneratorFormatConfig.jsonMode",
      "value" : "MULTIPLE_OBJECTS"
    }, {
      "name" : "conf.dataGeneratorFormatConfig.textFieldPath",
      "value" : "/text"
    }, {
      "name" : "conf.dataGeneratorFormatConfig.textRecordSeparator",
      "value" : "\\n"
    }, {
      "name" : "conf.dataGeneratorFormatConfig.textFieldMissingAction",
      "value" : "ERROR"
    }, {
      "name" : "conf.dataGeneratorFormatConfig.textEmptyLineIfNull",
      "value" : false
    }, {
      "name" : "conf.dataGeneratorFormatConfig.avroSchemaSource",
      "value" : null
    }, {
      "name" : "conf.dataGeneratorFormatConfig.avroSchema",
      "value" : null
    }, {
      "name" : "conf.dataGeneratorFormatConfig.registerSchema",
      "value" : false
    }, {
      "name" : "conf.dataGeneratorFormatConfig.schemaRegistryUrlsForRegistration",
      "value" : [ "" ]
    }, {
      "name" : "conf.dataGeneratorFormatConfig.schemaRegistryUrls",
      "value" : [ "" ]
    }, {
      "name" : "conf.dataGeneratorFormatConfig.basicAuthUserInfo",
      "value" : null
    }, {
      "name" : "conf.dataGeneratorFormatConfig.schemaLookupMode",
      "value" : "SUBJECT"
    }, {
      "name" : "conf.dataGeneratorFormatConfig.subject",
      "value" : null
    }, {
      "name" : "conf.dataGeneratorFormatConfig.subjectToRegister",
      "value" : null
    }, {
      "name" : "conf.dataGeneratorFormatConfig.basicAuthUserInfoForRegistration",
      "value" : null
    }, {
      "name" : "conf.dataGeneratorFormatConfig.schemaId",
      "value" : null
    }, {
      "name" : "conf.dataGeneratorFormatConfig.includeSchema",
      "value" : true
    }, {
      "name" : "conf.dataGeneratorFormatConfig.avroCompression",
      "value" : "NULL"
    }, {
      "name" : "conf.dataGeneratorFormatConfig.binaryFieldPath",
      "value" : "/"
    }, {
      "name" : "conf.dataGeneratorFormatConfig.protoDescriptorFile",
      "value" : null
    }, {
      "name" : "conf.dataGeneratorFormatConfig.messageType",
      "value" : null
    }, {
      "name" : "conf.dataGeneratorFormatConfig.fileNameEL",
      "value" : null
    }, {
      "name" : "conf.dataGeneratorFormatConfig.wholeFileExistsAction",
      "value" : "TO_ERROR"
    }, {
      "name" : "conf.dataGeneratorFormatConfig.includeChecksumInTheEvents",
      "value" : false
    }, {
      "name" : "conf.dataGeneratorFormatConfig.checksumAlgorithm",
      "value" : "MD5"
    }, {
      "name" : "conf.dataGeneratorFormatConfig.xmlPrettyPrint",
      "value" : true
    }, {
      "name" : "conf.dataGeneratorFormatConfig.xmlValidateSchema",
      "value" : false
    }, {
      "name" : "conf.dataGeneratorFormatConfig.xmlSchema",
      "value" : null
    }, {
      "name" : "conf.dataFormat",
      "value" : "JSON"
    }, {
      "name" : "conf.resourceUrl",
      "value" : "http://localhost:8001"
    }, {
      "name" : "conf.headers",
      "value" : [ ]
    }, {
      "name" : "conf.httpMethod",
      "value" : "POST"
    }, {
      "name" : "conf.methodExpression",
      "value" : null
    }, {
      "name" : "conf.client.transferEncoding",
      "value" : "BUFFERED"
    }, {
      "name" : "conf.client.httpCompression",
      "value" : "NONE"
    }, {
      "name" : "conf.client.connectTimeoutMillis",
      "value" : 250000
    }, {
      "name" : "conf.client.readTimeoutMillis",
      "value" : 30000
    }, {
      "name" : "conf.client.numThreads",
      "value" : 1
    }, {
      "name" : "conf.client.authType",
      "value" : "NONE"
    }, {
      "name" : "conf.client.spnegoPrincipal",
      "value" : null
    }, {
      "name" : "conf.client.spnegoPrincipalPassword",
      "value" : null
    }, {
      "name" : "conf.client.spnegoKeytabFile",
      "value" : null
    }, {
      "name" : "conf.client.useOAuth2",
      "value" : false
    }, {
      "name" : "conf.client.oauth.consumerKey",
      "value" : null
    }, {
      "name" : "conf.client.oauth.consumerSecret",
      "value" : null
    }, {
      "name" : "conf.client.oauth.token",
      "value" : null
    }, {
      "name" : "conf.client.oauth.tokenSecret",
      "value" : null
    }, {
      "name" : "conf.client.oauth2.credentialsGrantType",
      "value" : null
    }, {
      "name" : "conf.client.oauth2.tokenUrl",
      "value" : null
    }, {
      "name" : "conf.client.oauth2.clientId",
      "value" : null
    }, {
      "name" : "conf.client.oauth2.clientSecret",
      "value" : null
    }, {
      "name" : "conf.client.oauth2.username",
      "value" : null
    }, {
      "name" : "conf.client.oauth2.password",
      "value" : null
    }, {
      "name" : "conf.client.oauth2.resourceOwnerClientId",
      "value" : null
    }, {
      "name" : "conf.client.oauth2.resourceOwnerClientSecret",
      "value" : null
    }, {
      "name" : "conf.client.oauth2.algorithm",
      "value" : "NONE"
    }, {
      "name" : "conf.client.oauth2.key",
      "value" : null
    }, {
      "name" : "conf.client.oauth2.jwtClaims",
      "value" : null
    }, {
      "name" : "conf.client.oauth2.transferEncoding",
      "value" : "BUFFERED"
    }, {
      "name" : "conf.client.oauth2.additionalValues",
      "value" : [ { } ]
    }, {
      "name" : "conf.client.basicAuth.username",
      "value" : null
    }, {
      "name" : "conf.client.basicAuth.password",
      "value" : null
    }, {
      "name" : "conf.client.useProxy",
      "value" : false
    }, {
      "name" : "conf.client.proxy.uri",
      "value" : null
    }, {
      "name" : "conf.client.proxy.username",
      "value" : null
    }, {
      "name" : "conf.client.proxy.password",
      "value" : null
    }, {
      "name" : "conf.client.tlsConfig.tlsEnabled",
      "value" : false
    }, {
      "name" : "conf.client.tlsConfig.useRemoteKeyStore",
      "value" : false
    }, {
      "name" : "conf.client.tlsConfig.keyStoreFilePath",
      "value" : null
    }, {
      "name" : "conf.client.tlsConfig.privateKey",
      "value" : null
    }, {
      "name" : "conf.client.tlsConfig.certificateChain",
      "value" : [ { } ]
    }, {
      "name" : "conf.client.tlsConfig.keyStoreType",
      "value" : "JKS"
    }, {
      "name" : "conf.client.tlsConfig.keyStorePassword",
      "value" : null
    }, {
      "name" : "conf.client.tlsConfig.keyStoreAlgorithm",
      "value" : "SunX509"
    }, {
      "name" : "conf.client.tlsConfig.useRemoteTrustStore",
      "value" : false
    }, {
      "name" : "conf.client.tlsConfig.trustStoreFilePath",
      "value" : null
    }, {
      "name" : "conf.client.tlsConfig.trustedCertificates",
      "value" : [ { } ]
    }, {
      "name" : "conf.client.tlsConfig.trustStoreType",
      "value" : "JKS"
    }, {
      "name" : "conf.client.tlsConfig.trustStorePassword",
      "value" : null
    }, {
      "name" : "conf.client.tlsConfig.trustStoreAlgorithm",
      "value" : "SunX509"
    }, {
      "name" : "conf.client.tlsConfig.useDefaultProtocols",
      "value" : true
    }, {
      "name" : "conf.client.tlsConfig.protocols",
      "value" : [ "" ]
    }, {
      "name" : "conf.client.tlsConfig.useDefaultCiperSuites",
      "value" : true
    }, {
      "name" : "conf.client.tlsConfig.cipherSuites",
      "value" : [ "" ]
    }, {
      "name" : "conf.client.requestLoggingConfig.enableRequestLogging",
      "value" : false
    }, {
      "name" : "conf.client.requestLoggingConfig.logLevel",
      "value" : "FINE"
    }, {
      "name" : "conf.client.requestLoggingConfig.verbosity",
      "value" : "HEADERS_ONLY"
    }, {
      "name" : "conf.client.requestLoggingConfig.maxEntitySize",
      "value" : 0
    }, {
      "name" : "conf.singleRequestPerBatch",
      "value" : true
    }, {
      "name" : "conf.rateLimit",
      "value" : 0
    }, {
      "name" : "conf.maxRequestCompletionSecs",
      "value" : 60
    }, {
      "name" : "conf.responseConf.sendResponseToOrigin",
      "value" : false
    }, {
      "name" : "conf.responseConf.responseType",
      "value" : "SUCCESS_RECORDS"
    }, {
      "name" : "stageOnRecordError",
      "value" : "TO_ERROR"
    }, {
      "name" : "stageRequiredFields",
      "value" : [ ]
    }, {
      "name" : "stageRecordPreconditions",
      "value" : [ ]
    } ],
    "uiInfo" : {
      "yPos" : 428.817138671875,
      "stageType" : "TARGET",
      "icon" : "httpclient.png",
      "description" : "",
      "label" : "Flujo tipo cliente 2",
      "xPos" : 1633.871826171875,
      "displayMode" : "BASIC"
    },
    "inputLanes" : [ "StreamSelector_01OutputLane1673262146457" ],
    "outputLanes" : [ ],
    "eventLanes" : [ ],
    "services" : [ ]
  }, {
    "instanceName" : "HTTPClient_04",
    "library" : "streamsets-datacollector-basic-lib",
    "stageName" : "com_streamsets_pipeline_stage_destination_http_HttpClientDTarget",
    "stageVersion" : "6",
    "configuration" : [ {
      "name" : "conf.dataGeneratorFormatConfig.charset",
      "value" : "UTF-8"
    }, {
      "name" : "conf.dataGeneratorFormatConfig.csvFileFormat",
      "value" : "CSV"
    }, {
      "name" : "conf.dataGeneratorFormatConfig.csvHeader",
      "value" : "NO_HEADER"
    }, {
      "name" : "conf.dataGeneratorFormatConfig.csvReplaceNewLines",
      "value" : true
    }, {
      "name" : "conf.dataGeneratorFormatConfig.csvReplaceNewLinesString",
      "value" : " "
    }, {
      "name" : "conf.dataGeneratorFormatConfig.csvCustomDelimiter",
      "value" : "|"
    }, {
      "name" : "conf.dataGeneratorFormatConfig.csvCustomEscape",
      "value" : "\\"
    }, {
      "name" : "conf.dataGeneratorFormatConfig.csvCustomQuote",
      "value" : "\""
    }, {
      "name" : "conf.dataGeneratorFormatConfig.csvQuoteMode",
      "value" : "MINIMAL"
    }, {
      "name" : "conf.dataGeneratorFormatConfig.jsonMode",
      "value" : "MULTIPLE_OBJECTS"
    }, {
      "name" : "conf.dataGeneratorFormatConfig.textFieldPath",
      "value" : "/text"
    }, {
      "name" : "conf.dataGeneratorFormatConfig.textRecordSeparator",
      "value" : "\\n"
    }, {
      "name" : "conf.dataGeneratorFormatConfig.textFieldMissingAction",
      "value" : "ERROR"
    }, {
      "name" : "conf.dataGeneratorFormatConfig.textEmptyLineIfNull",
      "value" : false
    }, {
      "name" : "conf.dataGeneratorFormatConfig.avroSchemaSource",
      "value" : null
    }, {
      "name" : "conf.dataGeneratorFormatConfig.avroSchema",
      "value" : null
    }, {
      "name" : "conf.dataGeneratorFormatConfig.registerSchema",
      "value" : false
    }, {
      "name" : "conf.dataGeneratorFormatConfig.schemaRegistryUrlsForRegistration",
      "value" : [ "" ]
    }, {
      "name" : "conf.dataGeneratorFormatConfig.schemaRegistryUrls",
      "value" : [ "" ]
    }, {
      "name" : "conf.dataGeneratorFormatConfig.basicAuthUserInfo",
      "value" : null
    }, {
      "name" : "conf.dataGeneratorFormatConfig.schemaLookupMode",
      "value" : "SUBJECT"
    }, {
      "name" : "conf.dataGeneratorFormatConfig.subject",
      "value" : null
    }, {
      "name" : "conf.dataGeneratorFormatConfig.subjectToRegister",
      "value" : null
    }, {
      "name" : "conf.dataGeneratorFormatConfig.basicAuthUserInfoForRegistration",
      "value" : null
    }, {
      "name" : "conf.dataGeneratorFormatConfig.schemaId",
      "value" : null
    }, {
      "name" : "conf.dataGeneratorFormatConfig.includeSchema",
      "value" : true
    }, {
      "name" : "conf.dataGeneratorFormatConfig.avroCompression",
      "value" : "NULL"
    }, {
      "name" : "conf.dataGeneratorFormatConfig.binaryFieldPath",
      "value" : "/"
    }, {
      "name" : "conf.dataGeneratorFormatConfig.protoDescriptorFile",
      "value" : null
    }, {
      "name" : "conf.dataGeneratorFormatConfig.messageType",
      "value" : null
    }, {
      "name" : "conf.dataGeneratorFormatConfig.fileNameEL",
      "value" : null
    }, {
      "name" : "conf.dataGeneratorFormatConfig.wholeFileExistsAction",
      "value" : "TO_ERROR"
    }, {
      "name" : "conf.dataGeneratorFormatConfig.includeChecksumInTheEvents",
      "value" : false
    }, {
      "name" : "conf.dataGeneratorFormatConfig.checksumAlgorithm",
      "value" : "MD5"
    }, {
      "name" : "conf.dataGeneratorFormatConfig.xmlPrettyPrint",
      "value" : true
    }, {
      "name" : "conf.dataGeneratorFormatConfig.xmlValidateSchema",
      "value" : false
    }, {
      "name" : "conf.dataGeneratorFormatConfig.xmlSchema",
      "value" : null
    }, {
      "name" : "conf.dataFormat",
      "value" : "JSON"
    }, {
      "name" : "conf.resourceUrl",
      "value" : "http://localhost:8002"
    }, {
      "name" : "conf.headers",
      "value" : [ ]
    }, {
      "name" : "conf.httpMethod",
      "value" : "POST"
    }, {
      "name" : "conf.methodExpression",
      "value" : null
    }, {
      "name" : "conf.client.transferEncoding",
      "value" : "BUFFERED"
    }, {
      "name" : "conf.client.httpCompression",
      "value" : "NONE"
    }, {
      "name" : "conf.client.connectTimeoutMillis",
      "value" : 250000
    }, {
      "name" : "conf.client.readTimeoutMillis",
      "value" : 30000
    }, {
      "name" : "conf.client.numThreads",
      "value" : 1
    }, {
      "name" : "conf.client.authType",
      "value" : "NONE"
    }, {
      "name" : "conf.client.spnegoPrincipal",
      "value" : null
    }, {
      "name" : "conf.client.spnegoPrincipalPassword",
      "value" : null
    }, {
      "name" : "conf.client.spnegoKeytabFile",
      "value" : null
    }, {
      "name" : "conf.client.useOAuth2",
      "value" : false
    }, {
      "name" : "conf.client.oauth.consumerKey",
      "value" : null
    }, {
      "name" : "conf.client.oauth.consumerSecret",
      "value" : null
    }, {
      "name" : "conf.client.oauth.token",
      "value" : null
    }, {
      "name" : "conf.client.oauth.tokenSecret",
      "value" : null
    }, {
      "name" : "conf.client.oauth2.credentialsGrantType",
      "value" : null
    }, {
      "name" : "conf.client.oauth2.tokenUrl",
      "value" : null
    }, {
      "name" : "conf.client.oauth2.clientId",
      "value" : null
    }, {
      "name" : "conf.client.oauth2.clientSecret",
      "value" : null
    }, {
      "name" : "conf.client.oauth2.username",
      "value" : null
    }, {
      "name" : "conf.client.oauth2.password",
      "value" : null
    }, {
      "name" : "conf.client.oauth2.resourceOwnerClientId",
      "value" : null
    }, {
      "name" : "conf.client.oauth2.resourceOwnerClientSecret",
      "value" : null
    }, {
      "name" : "conf.client.oauth2.algorithm",
      "value" : "NONE"
    }, {
      "name" : "conf.client.oauth2.key",
      "value" : null
    }, {
      "name" : "conf.client.oauth2.jwtClaims",
      "value" : null
    }, {
      "name" : "conf.client.oauth2.transferEncoding",
      "value" : "BUFFERED"
    }, {
      "name" : "conf.client.oauth2.additionalValues",
      "value" : [ { } ]
    }, {
      "name" : "conf.client.basicAuth.username",
      "value" : null
    }, {
      "name" : "conf.client.basicAuth.password",
      "value" : null
    }, {
      "name" : "conf.client.useProxy",
      "value" : false
    }, {
      "name" : "conf.client.proxy.uri",
      "value" : null
    }, {
      "name" : "conf.client.proxy.username",
      "value" : null
    }, {
      "name" : "conf.client.proxy.password",
      "value" : null
    }, {
      "name" : "conf.client.tlsConfig.tlsEnabled",
      "value" : false
    }, {
      "name" : "conf.client.tlsConfig.useRemoteKeyStore",
      "value" : false
    }, {
      "name" : "conf.client.tlsConfig.keyStoreFilePath",
      "value" : null
    }, {
      "name" : "conf.client.tlsConfig.privateKey",
      "value" : null
    }, {
      "name" : "conf.client.tlsConfig.certificateChain",
      "value" : [ { } ]
    }, {
      "name" : "conf.client.tlsConfig.keyStoreType",
      "value" : "JKS"
    }, {
      "name" : "conf.client.tlsConfig.keyStorePassword",
      "value" : null
    }, {
      "name" : "conf.client.tlsConfig.keyStoreAlgorithm",
      "value" : "SunX509"
    }, {
      "name" : "conf.client.tlsConfig.useRemoteTrustStore",
      "value" : false
    }, {
      "name" : "conf.client.tlsConfig.trustStoreFilePath",
      "value" : null
    }, {
      "name" : "conf.client.tlsConfig.trustedCertificates",
      "value" : [ { } ]
    }, {
      "name" : "conf.client.tlsConfig.trustStoreType",
      "value" : "JKS"
    }, {
      "name" : "conf.client.tlsConfig.trustStorePassword",
      "value" : null
    }, {
      "name" : "conf.client.tlsConfig.trustStoreAlgorithm",
      "value" : "SunX509"
    }, {
      "name" : "conf.client.tlsConfig.useDefaultProtocols",
      "value" : true
    }, {
      "name" : "conf.client.tlsConfig.protocols",
      "value" : [ "" ]
    }, {
      "name" : "conf.client.tlsConfig.useDefaultCiperSuites",
      "value" : true
    }, {
      "name" : "conf.client.tlsConfig.cipherSuites",
      "value" : [ "" ]
    }, {
      "name" : "conf.client.requestLoggingConfig.enableRequestLogging",
      "value" : false
    }, {
      "name" : "conf.client.requestLoggingConfig.logLevel",
      "value" : "FINE"
    }, {
      "name" : "conf.client.requestLoggingConfig.verbosity",
      "value" : "HEADERS_ONLY"
    }, {
      "name" : "conf.client.requestLoggingConfig.maxEntitySize",
      "value" : 0
    }, {
      "name" : "conf.singleRequestPerBatch",
      "value" : true
    }, {
      "name" : "conf.rateLimit",
      "value" : 0
    }, {
      "name" : "conf.maxRequestCompletionSecs",
      "value" : 60
    }, {
      "name" : "conf.responseConf.sendResponseToOrigin",
      "value" : false
    }, {
      "name" : "conf.responseConf.responseType",
      "value" : "SUCCESS_RECORDS"
    }, {
      "name" : "stageOnRecordError",
      "value" : "TO_ERROR"
    }, {
      "name" : "stageRequiredFields",
      "value" : [ ]
    }, {
      "name" : "stageRecordPreconditions",
      "value" : [ ]
    } ],
    "uiInfo" : {
      "yPos" : 553.29931640625,
      "stageType" : "TARGET",
      "icon" : "httpclient.png",
      "description" : "",
      "label" : "Flujo tipo cliente 3",
      "xPos" : 1628.1436767578125,
      "displayMode" : "BASIC"
    },
    "inputLanes" : [ "StreamSelector_01OutputLane1673262142279" ],
    "outputLanes" : [ ],
    "eventLanes" : [ ],
    "services" : [ ]
  }, {
    "instanceName" : "HTTPClient_05",
    "library" : "streamsets-datacollector-basic-lib",
    "stageName" : "com_streamsets_pipeline_stage_destination_http_HttpClientDTarget",
    "stageVersion" : "6",
    "configuration" : [ {
      "name" : "conf.dataGeneratorFormatConfig.charset",
      "value" : "UTF-8"
    }, {
      "name" : "conf.dataGeneratorFormatConfig.csvFileFormat",
      "value" : "CSV"
    }, {
      "name" : "conf.dataGeneratorFormatConfig.csvHeader",
      "value" : "NO_HEADER"
    }, {
      "name" : "conf.dataGeneratorFormatConfig.csvReplaceNewLines",
      "value" : true
    }, {
      "name" : "conf.dataGeneratorFormatConfig.csvReplaceNewLinesString",
      "value" : " "
    }, {
      "name" : "conf.dataGeneratorFormatConfig.csvCustomDelimiter",
      "value" : "|"
    }, {
      "name" : "conf.dataGeneratorFormatConfig.csvCustomEscape",
      "value" : "\\"
    }, {
      "name" : "conf.dataGeneratorFormatConfig.csvCustomQuote",
      "value" : "\""
    }, {
      "name" : "conf.dataGeneratorFormatConfig.csvQuoteMode",
      "value" : "MINIMAL"
    }, {
      "name" : "conf.dataGeneratorFormatConfig.jsonMode",
      "value" : "MULTIPLE_OBJECTS"
    }, {
      "name" : "conf.dataGeneratorFormatConfig.textFieldPath",
      "value" : "/text"
    }, {
      "name" : "conf.dataGeneratorFormatConfig.textRecordSeparator",
      "value" : "\\n"
    }, {
      "name" : "conf.dataGeneratorFormatConfig.textFieldMissingAction",
      "value" : "ERROR"
    }, {
      "name" : "conf.dataGeneratorFormatConfig.textEmptyLineIfNull",
      "value" : false
    }, {
      "name" : "conf.dataGeneratorFormatConfig.avroSchemaSource",
      "value" : null
    }, {
      "name" : "conf.dataGeneratorFormatConfig.avroSchema",
      "value" : null
    }, {
      "name" : "conf.dataGeneratorFormatConfig.registerSchema",
      "value" : false
    }, {
      "name" : "conf.dataGeneratorFormatConfig.schemaRegistryUrlsForRegistration",
      "value" : [ "" ]
    }, {
      "name" : "conf.dataGeneratorFormatConfig.schemaRegistryUrls",
      "value" : [ "" ]
    }, {
      "name" : "conf.dataGeneratorFormatConfig.basicAuthUserInfo",
      "value" : null
    }, {
      "name" : "conf.dataGeneratorFormatConfig.schemaLookupMode",
      "value" : "SUBJECT"
    }, {
      "name" : "conf.dataGeneratorFormatConfig.subject",
      "value" : null
    }, {
      "name" : "conf.dataGeneratorFormatConfig.subjectToRegister",
      "value" : null
    }, {
      "name" : "conf.dataGeneratorFormatConfig.basicAuthUserInfoForRegistration",
      "value" : null
    }, {
      "name" : "conf.dataGeneratorFormatConfig.schemaId",
      "value" : null
    }, {
      "name" : "conf.dataGeneratorFormatConfig.includeSchema",
      "value" : true
    }, {
      "name" : "conf.dataGeneratorFormatConfig.avroCompression",
      "value" : "NULL"
    }, {
      "name" : "conf.dataGeneratorFormatConfig.binaryFieldPath",
      "value" : "/"
    }, {
      "name" : "conf.dataGeneratorFormatConfig.protoDescriptorFile",
      "value" : null
    }, {
      "name" : "conf.dataGeneratorFormatConfig.messageType",
      "value" : null
    }, {
      "name" : "conf.dataGeneratorFormatConfig.fileNameEL",
      "value" : null
    }, {
      "name" : "conf.dataGeneratorFormatConfig.wholeFileExistsAction",
      "value" : "TO_ERROR"
    }, {
      "name" : "conf.dataGeneratorFormatConfig.includeChecksumInTheEvents",
      "value" : false
    }, {
      "name" : "conf.dataGeneratorFormatConfig.checksumAlgorithm",
      "value" : "MD5"
    }, {
      "name" : "conf.dataGeneratorFormatConfig.xmlPrettyPrint",
      "value" : true
    }, {
      "name" : "conf.dataGeneratorFormatConfig.xmlValidateSchema",
      "value" : false
    }, {
      "name" : "conf.dataGeneratorFormatConfig.xmlSchema",
      "value" : null
    }, {
      "name" : "conf.dataFormat",
      "value" : "JSON"
    }, {
      "name" : "conf.resourceUrl",
      "value" : "http://localhost:8000"
    }, {
      "name" : "conf.headers",
      "value" : [ ]
    }, {
      "name" : "conf.httpMethod",
      "value" : "POST"
    }, {
      "name" : "conf.methodExpression",
      "value" : null
    }, {
      "name" : "conf.client.transferEncoding",
      "value" : "BUFFERED"
    }, {
      "name" : "conf.client.httpCompression",
      "value" : "NONE"
    }, {
      "name" : "conf.client.connectTimeoutMillis",
      "value" : 250000
    }, {
      "name" : "conf.client.readTimeoutMillis",
      "value" : 30000
    }, {
      "name" : "conf.client.numThreads",
      "value" : 1
    }, {
      "name" : "conf.client.authType",
      "value" : "NONE"
    }, {
      "name" : "conf.client.spnegoPrincipal",
      "value" : null
    }, {
      "name" : "conf.client.spnegoPrincipalPassword",
      "value" : null
    }, {
      "name" : "conf.client.spnegoKeytabFile",
      "value" : null
    }, {
      "name" : "conf.client.useOAuth2",
      "value" : false
    }, {
      "name" : "conf.client.oauth.consumerKey",
      "value" : null
    }, {
      "name" : "conf.client.oauth.consumerSecret",
      "value" : null
    }, {
      "name" : "conf.client.oauth.token",
      "value" : null
    }, {
      "name" : "conf.client.oauth.tokenSecret",
      "value" : null
    }, {
      "name" : "conf.client.oauth2.credentialsGrantType",
      "value" : null
    }, {
      "name" : "conf.client.oauth2.tokenUrl",
      "value" : null
    }, {
      "name" : "conf.client.oauth2.clientId",
      "value" : null
    }, {
      "name" : "conf.client.oauth2.clientSecret",
      "value" : null
    }, {
      "name" : "conf.client.oauth2.username",
      "value" : null
    }, {
      "name" : "conf.client.oauth2.password",
      "value" : null
    }, {
      "name" : "conf.client.oauth2.resourceOwnerClientId",
      "value" : null
    }, {
      "name" : "conf.client.oauth2.resourceOwnerClientSecret",
      "value" : null
    }, {
      "name" : "conf.client.oauth2.algorithm",
      "value" : "NONE"
    }, {
      "name" : "conf.client.oauth2.key",
      "value" : null
    }, {
      "name" : "conf.client.oauth2.jwtClaims",
      "value" : null
    }, {
      "name" : "conf.client.oauth2.transferEncoding",
      "value" : "BUFFERED"
    }, {
      "name" : "conf.client.oauth2.additionalValues",
      "value" : [ { } ]
    }, {
      "name" : "conf.client.basicAuth.username",
      "value" : null
    }, {
      "name" : "conf.client.basicAuth.password",
      "value" : null
    }, {
      "name" : "conf.client.useProxy",
      "value" : false
    }, {
      "name" : "conf.client.proxy.uri",
      "value" : null
    }, {
      "name" : "conf.client.proxy.username",
      "value" : null
    }, {
      "name" : "conf.client.proxy.password",
      "value" : null
    }, {
      "name" : "conf.client.tlsConfig.tlsEnabled",
      "value" : false
    }, {
      "name" : "conf.client.tlsConfig.useRemoteKeyStore",
      "value" : false
    }, {
      "name" : "conf.client.tlsConfig.keyStoreFilePath",
      "value" : null
    }, {
      "name" : "conf.client.tlsConfig.privateKey",
      "value" : null
    }, {
      "name" : "conf.client.tlsConfig.certificateChain",
      "value" : [ { } ]
    }, {
      "name" : "conf.client.tlsConfig.keyStoreType",
      "value" : "JKS"
    }, {
      "name" : "conf.client.tlsConfig.keyStorePassword",
      "value" : null
    }, {
      "name" : "conf.client.tlsConfig.keyStoreAlgorithm",
      "value" : "SunX509"
    }, {
      "name" : "conf.client.tlsConfig.useRemoteTrustStore",
      "value" : false
    }, {
      "name" : "conf.client.tlsConfig.trustStoreFilePath",
      "value" : null
    }, {
      "name" : "conf.client.tlsConfig.trustedCertificates",
      "value" : [ { } ]
    }, {
      "name" : "conf.client.tlsConfig.trustStoreType",
      "value" : "JKS"
    }, {
      "name" : "conf.client.tlsConfig.trustStorePassword",
      "value" : null
    }, {
      "name" : "conf.client.tlsConfig.trustStoreAlgorithm",
      "value" : "SunX509"
    }, {
      "name" : "conf.client.tlsConfig.useDefaultProtocols",
      "value" : true
    }, {
      "name" : "conf.client.tlsConfig.protocols",
      "value" : [ "" ]
    }, {
      "name" : "conf.client.tlsConfig.useDefaultCiperSuites",
      "value" : true
    }, {
      "name" : "conf.client.tlsConfig.cipherSuites",
      "value" : [ "" ]
    }, {
      "name" : "conf.client.requestLoggingConfig.enableRequestLogging",
      "value" : false
    }, {
      "name" : "conf.client.requestLoggingConfig.logLevel",
      "value" : "FINE"
    }, {
      "name" : "conf.client.requestLoggingConfig.verbosity",
      "value" : "HEADERS_ONLY"
    }, {
      "name" : "conf.client.requestLoggingConfig.maxEntitySize",
      "value" : 0
    }, {
      "name" : "conf.singleRequestPerBatch",
      "value" : true
    }, {
      "name" : "conf.rateLimit",
      "value" : 0
    }, {
      "name" : "conf.maxRequestCompletionSecs",
      "value" : 60
    }, {
      "name" : "conf.responseConf.sendResponseToOrigin",
      "value" : false
    }, {
      "name" : "conf.responseConf.responseType",
      "value" : "SUCCESS_RECORDS"
    }, {
      "name" : "stageOnRecordError",
      "value" : "TO_ERROR"
    }, {
      "name" : "stageRequiredFields",
      "value" : [ ]
    }, {
      "name" : "stageRecordPreconditions",
      "value" : [ ]
    } ],
    "uiInfo" : {
      "yPos" : 314.64404296875,
      "stageType" : "TARGET",
      "icon" : "httpclient.png",
      "description" : "",
      "label" : "Flujo tipo cliente 1",
      "xPos" : 1626.6488037109375,
      "displayMode" : "ADVANCED"
    },
    "inputLanes" : [ "StreamSelector_01OutputLane1674123955848" ],
    "outputLanes" : [ ],
    "eventLanes" : [ ],
    "services" : [ ]
  }, {
    "instanceName" : "FieldReplacer_01",
    "library" : "streamsets-datacollector-basic-lib",
    "stageName" : "com_streamsets_pipeline_stage_processor_fieldreplacer_FieldReplacerDProcessor",
    "stageVersion" : "1",
    "configuration" : [ {
      "name" : "conf.onStagePreConditionFailure",
      "value" : "CONTINUE"
    }, {
      "name" : "conf.rules",
      "value" : [ {
        "setToNull" : false,
        "fields" : "/error",
        "replacement" : "No existe este tipo de interviniente"
      } ]
    }, {
      "name" : "stageOnRecordError",
      "value" : "TO_ERROR"
    }, {
      "name" : "stageRequiredFields",
      "value" : [ ]
    }, {
      "name" : "stageRecordPreconditions",
      "value" : [ ]
    } ],
    "uiInfo" : {
      "yPos" : 177.4473452112238,
      "stageType" : "PROCESSOR",
      "icon" : "replacer.png",
      "description" : "",
      "label" : "añadir mensaje error",
      "xPos" : 941.1927184771178,
      "displayMode" : "BASIC"
    },
    "inputLanes" : [ "StreamSelector_02OutputLane16748232221952" ],
    "outputLanes" : [ "FieldReplacer_01OutputLane16750734137010" ],
    "eventLanes" : [ ],
    "services" : [ ]
  }, {
    "instanceName" : "OnesaitPlatformDestination_01",
    "library" : "onesaitplatform-streamsets",
    "stageName" : "com_minsait_onesait_platform_streamsets_destination_OnesaitplatformDTarget",
    "stageVersion" : "3",
    "configuration" : [ {
      "name" : "stageDConfig.protocol",
      "value" : "http"
    }, {
      "name" : "stageDConfig.host",
      "value" : "iotbrokerservice"
    }, {
      "name" : "stageDConfig.port",
      "value" : 19000
    }, {
      "name" : "stageDConfig.avoidSSL",
      "value" : false
    }, {
      "name" : "stageDConfig.timeout",
      "value" : 5000
    }, {
      "name" : "stageDConfig.token",
      "value" : "129e6bf8342b4a6eaeb17e67e35f8600"
    }, {
      "name" : "stageDConfig.device",
      "value" : "bank_cli"
    }, {
      "name" : "stageDConfig.deviceId",
      "value" : "IoTClientID"
    }, {
      "name" : "stageDConfig.ontology",
      "value" : "expedient_error"
    }, {
      "name" : "stageDConfig.proxyDConfig.useProxy",
      "value" : false
    }, {
      "name" : "stageDConfig.proxyDConfig.proxyHost",
      "value" : null
    }, {
      "name" : "stageDConfig.proxyDConfig.proxyPort",
      "value" : 80
    }, {
      "name" : "stageDConfig.proxyDConfig.proxyUser",
      "value" : null
    }, {
      "name" : "stageDConfig.proxyDConfig.proxyUserPassword",
      "value" : null
    }, {
      "name" : "ontologyProcessInstance",
      "value" : "CUSTOMNAME"
    }, {
      "name" : "customRootNode",
      "value" : "expedient_error"
    }, {
      "name" : "bulk",
      "value" : 200
    }, {
      "name" : "thread",
      "value" : 1
    }, {
      "name" : "timeseriesOntology",
      "value" : false
    }, {
      "name" : "generateErrorOnNoModification",
      "value" : true
    }, {
      "name" : "timeseriesMultiupdate",
      "value" : true
    }, {
      "name" : "retryAtMultiUpdateFail",
      "value" : false
    }, {
      "name" : "retryExecutorThreads",
      "value" : 10
    }, {
      "name" : "timeseriesTimeOntology",
      "value" : "TENMINUTES"
    }, {
      "name" : "destinationTimeseriesValueField",
      "value" : "values"
    }, {
      "name" : "timeseriesFieldOntology",
      "value" : "timestamp"
    }, {
      "name" : "valueTimeseriesField",
      "value" : "v"
    }, {
      "name" : "precalcSumTimeseries",
      "value" : false
    }, {
      "name" : "precalcSumTimeseriesField",
      "value" : "s"
    }, {
      "name" : "precalcSumTimeseriesProperty",
      "value" : null
    }, {
      "name" : "precalcCountTimeseries",
      "value" : false
    }, {
      "name" : "precalcCountTimeseriesField",
      "value" : "c"
    }, {
      "name" : "historyTimeseries",
      "value" : false
    }, {
      "name" : "historyTimeseriesField",
      "value" : "h"
    }, {
      "name" : "historyTimeStampField",
      "value" : "/historyTimestamp"
    }, {
      "name" : "updateFields",
      "value" : [ ]
    }, {
      "name" : "originTimeseriesValueField",
      "value" : "/value"
    }, {
      "name" : "timestampRecordField",
      "value" : "/timestamp"
    }, {
      "name" : "minTimeseries",
      "value" : false
    }, {
      "name" : "minTimeseriesFields",
      "value" : [ { } ]
    }, {
      "name" : "maxTimeseries",
      "value" : false
    }, {
      "name" : "maxTimeseriesFields",
      "value" : [ { } ]
    }, {
      "name" : "maxTimeseriesRoot",
      "value" : false
    }, {
      "name" : "maxTimeseriesRootFields",
      "value" : [ { } ]
    }, {
      "name" : "minTimeseriesRoot",
      "value" : false
    }, {
      "name" : "minTimeseriesRootFields",
      "value" : [ { } ]
    }, {
      "name" : "ignoreNulls",
      "value" : false
    }, {
      "name" : "createNewDocs",
      "value" : false
    }, {
      "name" : "expirationTime",
      "value" : 600
    }, {
      "name" : "maxCacheSize",
      "value" : 10000
    }, {
      "name" : "stageOnRecordError",
      "value" : "TO_ERROR"
    }, {
      "name" : "stageRequiredFields",
      "value" : [ ]
    }, {
      "name" : "stageRecordPreconditions",
      "value" : [ ]
    } ],
    "uiInfo" : {
      "yPos" : 171.18843841552734,
      "stageType" : "TARGET",
      "icon" : "onesait_vector_insert.png",
      "description" : "",
      "label" : "OnesaitPlatform expedient_error",
      "xPos" : 1621.89501953125,
      "displayMode" : "BASIC"
    },
    "inputLanes" : [ "StreamSelector_01OutputLane1674826865201", "FieldReplacer_01OutputLane16750734137010" ],
    "outputLanes" : [ ],
    "eventLanes" : [ ],
    "services" : [ ]
  } ],
  "errorStage" : {
    "instanceName" : "errorStageStageInstance",
    "library" : "streamsets-datacollector-basic-lib",
    "stageName" : "com_streamsets_pipeline_stage_destination_devnull_ToErrorNullDTarget",
    "stageVersion" : "1",
    "configuration" : [ ],
    "uiInfo" : {
      "stageType" : "TARGET",
      "label" : "Error -Discard"
    },
    "inputLanes" : [ ],
    "outputLanes" : [ ],
    "eventLanes" : [ ],
    "services" : [ ]
  },
  "info" : {
    "pipelineId" : "mainflowin9c82f7b3-241d-4762-8754-fb1af5fdb1cc",
    "title" : "mainflowingestdata",
    "description" : "",
    "created" : 1688558797348,
    "lastModified" : 1688629714221,
    "creator" : "user1",
    "lastModifier" : "user1",
    "lastRev" : "0",
    "uuid" : "5a603d52-4ffe-45bc-8948-922497b98932",
    "valid" : true,
    "metadata" : {
      "labels" : [ ]
    },
    "name" : "mainflowin9c82f7b3-241d-4762-8754-fb1af5fdb1cc",
    "sdcVersion" : "3.23.0",
    "sdcId" : "1a0f6b5e-93be-11ec-86f9-55f1e8a8e697"
  },
  "metadata" : {
    "labels" : [ ]
  },
  "statsAggregatorStage" : {
    "instanceName" : "statsAggregatorStageInstance",
    "library" : "streamsets-datacollector-basic-lib",
    "stageName" : "com_streamsets_pipeline_stage_destination_devnull_StatsDpmDirectlyDTarget",
    "stageVersion" : "1",
    "configuration" : [ ],
    "uiInfo" : {
      "stageType" : "TARGET",
      "label" : "Stats Aggregator -Write Directly to Control Hub - statistics are not aggregated across Data Collectors"
    },
    "inputLanes" : [ ],
    "outputLanes" : [ ],
    "eventLanes" : [ ],
    "services" : [ ]
  },
  "startEventStages" : [ {
    "instanceName" : "Discard_StartEventStage",
    "library" : "streamsets-datacollector-basic-lib",
    "stageName" : "com_streamsets_pipeline_stage_destination_devnull_ToErrorNullDTarget",
    "stageVersion" : "1",
    "configuration" : [ ],
    "uiInfo" : {
      "yPos" : 50,
      "stageType" : "TARGET",
      "icon" : "",
      "description" : "",
      "label" : "Start Event - Discard",
      "xPos" : 280
    },
    "inputLanes" : [ ],
    "outputLanes" : [ ],
    "eventLanes" : [ ],
    "services" : [ ]
  } ],
  "stopEventStages" : [ {
    "instanceName" : "Discard_StopEventStage",
    "library" : "streamsets-datacollector-basic-lib",
    "stageName" : "com_streamsets_pipeline_stage_destination_devnull_ToErrorNullDTarget",
    "stageVersion" : "1",
    "configuration" : [ ],
    "uiInfo" : {
      "yPos" : 50,
      "stageType" : "TARGET",
      "icon" : "",
      "description" : "",
      "label" : "Stop Event - Discard",
      "xPos" : 280
    },
    "inputLanes" : [ ],
    "outputLanes" : [ ],
    "eventLanes" : [ ],
    "services" : [ ]
  } ],
  "testOriginStage" : {
    "instanceName" : "com_streamsets_pipeline_stage_devtest_rawdata_RawDataDSource_TestOriginStage",
    "library" : "streamsets-datacollector-dev-lib",
    "stageName" : "com_streamsets_pipeline_stage_devtest_rawdata_RawDataDSource",
    "stageVersion" : "3",
    "configuration" : [ {
      "name" : "rawData",
      "value" : "{\n  \"f1\": \"abc\",\n  \"f2\": \"xyz\",\n  \"f3\": \"lmn\"\n}"
    }, {
      "name" : "stopAfterFirstBatch",
      "value" : false
    }, {
      "name" : "eventData",
      "value" : null
    }, {
      "name" : "stageOnRecordError",
      "value" : "TO_ERROR"
    } ],
    "uiInfo" : {
      "stageType" : "SOURCE",
      "label" : "Test Origin - Dev Raw Data Source"
    },
    "inputLanes" : [ ],
    "outputLanes" : [ "com_streamsets_pipeline_stage_devtest_rawdata_RawDataDSource_TestOriginStageOutputLane1" ],
    "eventLanes" : [ ],
    "services" : [ {
      "service" : "com.streamsets.pipeline.api.service.dataformats.DataFormatParserService",
      "serviceVersion" : 3,
      "configuration" : [ {
        "name" : "displayFormats",
        "value" : "DELIMITED,JSON,LOG,SDC_JSON,TEXT,XML"
      }, {
        "name" : "dataFormat",
        "value" : "JSON"
      }, {
        "name" : "dataFormatConfig.compression",
        "value" : "NONE"
      }, {
        "name" : "dataFormatConfig.filePatternInArchive",
        "value" : "*"
      }, {
        "name" : "dataFormatConfig.charset",
        "value" : "UTF-8"
      }, {
        "name" : "dataFormatConfig.removeCtrlChars",
        "value" : false
      }, {
        "name" : "dataFormatConfig.textMaxLineLen",
        "value" : 1024
      }, {
        "name" : "dataFormatConfig.useCustomDelimiter",
        "value" : false
      }, {
        "name" : "dataFormatConfig.customDelimiter",
        "value" : "\\r\\n"
      }, {
        "name" : "dataFormatConfig.includeCustomDelimiterInTheText",
        "value" : false
      }, {
        "name" : "dataFormatConfig.jsonContent",
        "value" : "MULTIPLE_OBJECTS"
      }, {
        "name" : "dataFormatConfig.jsonMaxObjectLen",
        "value" : 4096
      }, {
        "name" : "dataFormatConfig.csvFileFormat",
        "value" : "CSV"
      }, {
        "name" : "dataFormatConfig.csvHeader",
        "value" : "NO_HEADER"
      }, {
        "name" : "dataFormatConfig.csvAllowExtraColumns",
        "value" : false
      }, {
        "name" : "dataFormatConfig.csvExtraColumnPrefix",
        "value" : "_extra_"
      }, {
        "name" : "dataFormatConfig.csvMaxObjectLen",
        "value" : 1024
      }, {
        "name" : "dataFormatConfig.csvCustomDelimiter",
        "value" : "|"
      }, {
        "name" : "dataFormatConfig.multiCharacterFieldDelimiter",
        "value" : "||"
      }, {
        "name" : "dataFormatConfig.multiCharacterLineDelimiter",
        "value" : "${str:unescapeJava('\\\\n')}"
      }, {
        "name" : "dataFormatConfig.csvCustomEscape",
        "value" : "\\"
      }, {
        "name" : "dataFormatConfig.csvCustomQuote",
        "value" : "\""
      }, {
        "name" : "dataFormatConfig.csvEnableComments",
        "value" : false
      }, {
        "name" : "dataFormatConfig.csvCommentMarker",
        "value" : "#"
      }, {
        "name" : "dataFormatConfig.csvIgnoreEmptyLines",
        "value" : false
      }, {
        "name" : "dataFormatConfig.csvRecordType",
        "value" : "LIST_MAP"
      }, {
        "name" : "dataFormatConfig.csvSkipStartLines",
        "value" : 0
      }, {
        "name" : "dataFormatConfig.parseNull",
        "value" : false
      }, {
        "name" : "dataFormatConfig.nullConstant",
        "value" : "\\\\N"
      }, {
        "name" : "dataFormatConfig.xmlRecordElement",
        "value" : null
      }, {
        "name" : "dataFormatConfig.preserveRootElement",
        "value" : false
      }, {
        "name" : "dataFormatConfig.includeFieldXpathAttributes",
        "value" : false
      }, {
        "name" : "dataFormatConfig.xPathNamespaceContext",
        "value" : [ ]
      }, {
        "name" : "dataFormatConfig.outputFieldAttributes",
        "value" : false
      }, {
        "name" : "dataFormatConfig.xmlMaxObjectLen",
        "value" : 4096
      }, {
        "name" : "dataFormatConfig.logMode",
        "value" : "COMMON_LOG_FORMAT"
      }, {
        "name" : "dataFormatConfig.logMaxObjectLen",
        "value" : 1024
      }, {
        "name" : "dataFormatConfig.retainOriginalLine",
        "value" : false
      }, {
        "name" : "dataFormatConfig.customLogFormat",
        "value" : "%h %l %u %t \"%r\" %>s %b"
      }, {
        "name" : "dataFormatConfig.regex",
        "value" : "^(\\S+) (\\S+) (\\S+) \\[([\\w:/]+\\s[+\\-]\\d{4})\\] \"(\\S+) (\\S+) (\\S+)\" (\\d{3}) (\\d+)"
      }, {
        "name" : "dataFormatConfig.fieldPathsToGroupName",
        "value" : [ {
          "fieldPath" : "/",
          "group" : 1
        } ]
      }, {
        "name" : "dataFormatConfig.grokPatternDefinition",
        "value" : null
      }, {
        "name" : "dataFormatConfig.grokPattern",
        "value" : "%{COMMONAPACHELOG}"
      }, {
        "name" : "dataFormatConfig.onParseError",
        "value" : "ERROR"
      }, {
        "name" : "dataFormatConfig.maxStackTraceLines",
        "value" : 50
      }, {
        "name" : "dataFormatConfig.enableLog4jCustomLogFormat",
        "value" : false
      }, {
        "name" : "dataFormatConfig.log4jCustomLogFormat",
        "value" : "%r [%t] %-5p %c %x - %m%n"
      }, {
        "name" : "dataFormatConfig.avroSchemaSource",
        "value" : null
      }, {
        "name" : "dataFormatConfig.avroSchema",
        "value" : null
      }, {
        "name" : "dataFormatConfig.schemaRegistryUrls",
        "value" : [ ]
      }, {
        "name" : "dataFormatConfig.basicAuth",
        "value" : null
      }, {
        "name" : "dataFormatConfig.schemaLookupMode",
        "value" : "SUBJECT"
      }, {
        "name" : "dataFormatConfig.subject",
        "value" : null
      }, {
        "name" : "dataFormatConfig.schemaId",
        "value" : null
      }, {
        "name" : "dataFormatConfig.avroSkipUnionIndex",
        "value" : false
      }, {
        "name" : "dataFormatConfig.protoDescriptorFile",
        "value" : null
      }, {
        "name" : "dataFormatConfig.messageType",
        "value" : null
      }, {
        "name" : "dataFormatConfig.isDelimited",
        "value" : false
      }, {
        "name" : "dataFormatConfig.binaryMaxObjectLen",
        "value" : 1024
      }, {
        "name" : "dataFormatConfig.datagramMode",
        "value" : "SYSLOG"
      }, {
        "name" : "dataFormatConfig.typesDbPath",
        "value" : null
      }, {
        "name" : "dataFormatConfig.convertTime",
        "value" : false
      }, {
        "name" : "dataFormatConfig.excludeInterval",
        "value" : false
      }, {
        "name" : "dataFormatConfig.authFilePath",
        "value" : null
      }, {
        "name" : "dataFormatConfig.netflowOutputValuesMode",
        "value" : "RAW_AND_INTERPRETED"
      }, {
        "name" : "dataFormatConfig.maxTemplateCacheSize",
        "value" : -1
      }, {
        "name" : "dataFormatConfig.templateCacheTimeoutMs",
        "value" : -1
      }, {
        "name" : "dataFormatConfig.netflowOutputValuesModeDatagram",
        "value" : "RAW_AND_INTERPRETED"
      }, {
        "name" : "dataFormatConfig.maxTemplateCacheSizeDatagram",
        "value" : -1
      }, {
        "name" : "dataFormatConfig.templateCacheTimeoutMsDatagram",
        "value" : -1
      }, {
        "name" : "dataFormatConfig.wholeFileMaxObjectLen",
        "value" : 8192
      }, {
        "name" : "dataFormatConfig.rateLimit",
        "value" : "-1"
      }, {
        "name" : "dataFormatConfig.verifyChecksum",
        "value" : false
      }, {
        "name" : "dataFormatConfig.excelHeader",
        "value" : null
      }, {
        "name" : "dataFormatConfig.excelSkipCellsWithNoHeader",
        "value" : false
      }, {
        "name" : "dataFormatConfig.excelReadAllSheets",
        "value" : false
      }, {
        "name" : "dataFormatConfig.excelSheetNames",
        "value" : [ ]
      }, {
        "name" : "dataFormatConfig.csvParser",
        "value" : "LEGACY_PARSER"
      }, {
        "name" : "dataFormatConfig.csvUnivocityFieldSeparator",
        "value" : ","
      }, {
        "name" : "dataFormatConfig.csvUnivocityLineSeparator",
        "value" : "${str:unescapeJava('\\\\n')}"
      }, {
        "name" : "dataFormatConfig.csvUnivocityEscape",
        "value" : "\\"
      }, {
        "name" : "dataFormatConfig.csvUnivocityQuote",
        "value" : "\""
      }, {
        "name" : "dataFormatConfig.csvUnivocityMaxColumns",
        "value" : 1000
      }, {
        "name" : "dataFormatConfig.csvUnivocityMaxCharsPerColumn",
        "value" : 1000
      }, {
        "name" : "dataFormatConfig.csvUnivocitySkipEmptyLines",
        "value" : true
      }, {
        "name" : "dataFormatConfig.csvUnivocityAllowComments",
        "value" : false
      }, {
        "name" : "dataFormatConfig.csvUnivocityCommentMarker",
        "value" : "#"
      } ]
    } ]
  },
  "valid" : true,
  "issues" : {
    "pipelineIssues" : [ ],
    "stageIssues" : { },
    "issueCount" : 0
  },
  "previewable" : true
}