{
  "FieldReplacer_01" : {
    "yPos" : 177.4473452112238,
    "stageType" : "PROCESSOR",
    "icon" : "replacer.png",
    "description" : "",
    "label" : "añadir mensaje error",
    "xPos" : 941.1927184771178,
    "displayMode" : "BASIC"
  },
  "ExpressionEvaluator_01" : {
    "yPos" : 34.44927978515625,
    "stageType" : "PROCESSOR",
    "icon" : "expression.png",
    "description" : "",
    "label" : "Validaciones",
    "xPos" : 1167.302490234375,
    "displayMode" : "BASIC"
  },
  "FieldRemover_01" : {
    "yPos" : 39.69799041748047,
    "stageType" : "PROCESSOR",
    "icon" : "filter.png",
    "description" : "",
    "label" : "Eliminar campo error",
    "xPos" : 940.302001953125,
    "displayMode" : "BASIC"
  },
  "HTTPClient_04" : {
    "yPos" : 553.29931640625,
    "stageType" : "TARGET",
    "icon" : "httpclient.png",
    "description" : "",
    "label" : "Flujo tipo cliente 3",
    "xPos" : 1628.1436767578125,
    "displayMode" : "BASIC"
  },
  "HTTPClient_05" : {
    "yPos" : 314.64404296875,
    "stageType" : "TARGET",
    "icon" : "httpclient.png",
    "description" : "",
    "label" : "Flujo tipo cliente 1",
    "xPos" : 1626.6488037109375,
    "displayMode" : "ADVANCED"
  },
  "StreamSelector_02" : {
    "yPos" : 111.4554443359375,
    "stageType" : "PROCESSOR",
    "icon" : "laneSelector.png",
    "description" : "",
    "label" : "existe ID_TIPO_INTERVINIENTE",
    "xPos" : 720.4550170898438,
    "displayMode" : "BASIC"
  },
  "StreamSelector_01" : {
    "yPos" : 56.516754150390625,
    "stageType" : "PROCESSOR",
    "icon" : "laneSelector.png",
    "description" : "",
    "label" : "Stream Selector",
    "xPos" : 1378.7197265625,
    "displayMode" : "ADVANCED"
  },
  "JSONParser_01" : {
    "yPos" : 45.05973815917969,
    "stageType" : "PROCESSOR",
    "icon" : "json.png",
    "description" : "",
    "label" : "Parseo de JSON a Objetos",
    "xPos" : 283.18927001953125,
    "displayMode" : "ADVANCED"
  },
  "OnesaitPlatformDestination_01" : {
    "yPos" : 171.18843841552734,
    "stageType" : "TARGET",
    "icon" : "onesait_vector_insert.png",
    "description" : "",
    "label" : "OnesaitPlatform expedient_error",
    "xPos" : 1621.89501953125,
    "displayMode" : "BASIC"
  },
  ":pipeline:" : {
    "displayMode" : "BASIC",
    "previewConfig" : {
      "previewSource" : "CONFIGURED_SOURCE",
      "batchSize" : "10",
      "timeout" : 30000,
      "writeToDestinations" : false,
      "executeLifecycleEvents" : true,
      "showHeader" : true,
      "showFieldType" : true,
      "rememberMe" : false
    }
  },
  "HTTPClient_03" : {
    "yPos" : 428.817138671875,
    "stageType" : "TARGET",
    "icon" : "httpclient.png",
    "description" : "",
    "label" : "Flujo tipo cliente 2",
    "xPos" : 1633.871826171875,
    "displayMode" : "BASIC"
  },
  "HTTPClient_01" : {
    "yPos" : 48.956817626953125,
    "stageType" : "SOURCE",
    "icon" : "httpclient.png",
    "description" : "obtain bank form data",
    "label" : "BankForm",
    "xPos" : 40.769981384277344,
    "displayMode" : "ADVANCED"
  },
  "OnesaitPlatformLookup_01" : {
    "yPos" : 59.00103759765625,
    "stageType" : "PROCESSOR",
    "icon" : "onesait_vector_processor.png",
    "description" : "",
    "label" : "OnesaitPlatform Lookup validar",
    "xPos" : 508.92987060546875,
    "displayMode" : "ADVANCED"
  }
}