{
  "schemaVersion" : 6,
  "version" : 23,
  "pipelineId" : "client3Insa8d1ff02-91e9-438d-8bda-f2fa38b48e43",
  "title" : "client3Insert",
  "description" : "",
  "uuid" : "c42f3488-87e4-4aaf-8991-56985c65182a",
  "configuration" : [ {
    "name" : "executionMode",
    "value" : "STANDALONE"
  }, {
    "name" : "edgeHttpUrl",
    "value" : "http://localhost:18633"
  }, {
    "name" : "deliveryGuarantee",
    "value" : "AT_LEAST_ONCE"
  }, {
    "name" : "shouldRetry",
    "value" : true
  }, {
    "name" : "triggerInterval",
    "value" : 2000
  }, {
    "name" : "retryAttempts",
    "value" : -1
  }, {
    "name" : "ludicrousMode",
    "value" : false
  }, {
    "name" : "ludicrousModeInputCount",
    "value" : false
  }, {
    "name" : "advancedErrorHandling",
    "value" : false
  }, {
    "name" : "notifyOnStates",
    "value" : [ "RUN_ERROR", "STOPPED", "FINISHED" ]
  }, {
    "name" : "emailIDs",
    "value" : [ ]
  }, {
    "name" : "constants",
    "value" : [ ]
  }, {
    "name" : "errorRecordPolicy",
    "value" : "ORIGINAL_RECORD"
  }, {
    "name" : "workerCount",
    "value" : 0
  }, {
    "name" : "clusterSlaveMemory",
    "value" : 2048
  }, {
    "name" : "clusterSlaveJavaOpts",
    "value" : "-XX:+UseConcMarkSweepGC -XX:+UseParNewGC -Dlog4j.debug"
  }, {
    "name" : "clusterLauncherEnv",
    "value" : [ ]
  }, {
    "name" : "mesosDispatcherURL",
    "value" : null
  }, {
    "name" : "logLevel",
    "value" : "INFO"
  }, {
    "name" : "hdfsS3ConfDir",
    "value" : null
  }, {
    "name" : "rateLimit",
    "value" : 0
  }, {
    "name" : "maxRunners",
    "value" : 0
  }, {
    "name" : "shouldCreateFailureSnapshot",
    "value" : true
  }, {
    "name" : "runnerIdleTIme",
    "value" : 60
  }, {
    "name" : "webhookConfigs",
    "value" : [ ]
  }, {
    "name" : "sparkConfigs",
    "value" : [ ]
  }, {
    "name" : "preprocessScript",
    "value" : "/*\nThe following script define a method\nthat increments an integer by 1 \nand registers it as a UDF with \nthe SparkSession, which can be accessed\nusing the variable named \"spark\":\ndef inc(i: Integer): Integer = {\n  i + 1\n}\nspark.udf.register (\"inc\", inc _)\n\n*/"
  }, {
    "name" : "clusterConfig.clusterType",
    "value" : "LOCAL"
  }, {
    "name" : "clusterConfig.sparkMasterUrl",
    "value" : "local[*]"
  }, {
    "name" : "clusterConfig.deployMode",
    "value" : "CLIENT"
  }, {
    "name" : "clusterConfig.hadoopUserName",
    "value" : null
  }, {
    "name" : "clusterConfig.sparkAppName",
    "value" : "${pipeline:title()}"
  }, {
    "name" : "clusterConfig.stagingDir",
    "value" : "/streamsets"
  }, {
    "name" : "clusterConfig.useYarnKerberosKeytab",
    "value" : false
  }, {
    "name" : "clusterConfig.yarnKerberosKeytabSource",
    "value" : "PROPERTIES_FILE"
  }, {
    "name" : "clusterConfig.yarnKerberosKeytab",
    "value" : null
  }, {
    "name" : "clusterConfig.yarnKerberosKeytabBase64Bytes",
    "value" : null
  }, {
    "name" : "clusterConfig.yarnKerberosPrincipal",
    "value" : "name@DOMAIN"
  }, {
    "name" : "clusterConfig.callbackUrl",
    "value" : null
  }, {
    "name" : "databricksConfig.baseUrl",
    "value" : null
  }, {
    "name" : "databricksConfig.credentialType",
    "value" : null
  }, {
    "name" : "databricksConfig.username",
    "value" : null
  }, {
    "name" : "databricksConfig.password",
    "value" : null
  }, {
    "name" : "databricksConfig.token",
    "value" : null
  }, {
    "name" : "databricksConfig.provisionNewCluster",
    "value" : true
  }, {
    "name" : "databricksConfig.clusterId",
    "value" : null
  }, {
    "name" : "databricksConfig.clusterConfig",
    "value" : "{\n    \"num_workers\": 8,\n    \"spark_version\": \"5.3.x-scala2.11\",\n    \"node_type_id\": \"i3.xlarge\"\n}"
  }, {
    "name" : "databricksConfig.terminateCluster",
    "value" : false
  }, {
    "name" : "livyConfig.baseUrl",
    "value" : "https://localhost:30443/gateway/default/livy/v1/"
  }, {
    "name" : "livyConfig.username",
    "value" : null
  }, {
    "name" : "livyConfig.password",
    "value" : null
  }, {
    "name" : "googleCloudCredentialsConfig.projectId",
    "value" : null
  }, {
    "name" : "googleCloudCredentialsConfig.credentialsProvider",
    "value" : "DEFAULT_PROVIDER"
  }, {
    "name" : "googleCloudCredentialsConfig.path",
    "value" : null
  }, {
    "name" : "googleCloudCredentialsConfig.credentialsFileContent",
    "value" : null
  }, {
    "name" : "googleCloudConfig.region",
    "value" : null
  }, {
    "name" : "googleCloudConfig.customRegion",
    "value" : null
  }, {
    "name" : "googleCloudConfig.gcsStagingUri",
    "value" : null
  }, {
    "name" : "googleCloudConfig.create",
    "value" : false
  }, {
    "name" : "googleCloudConfig.clusterPrefix",
    "value" : null
  }, {
    "name" : "googleCloudConfig.version",
    "value" : "1.4-ubuntu18"
  }, {
    "name" : "googleCloudConfig.masterType",
    "value" : null
  }, {
    "name" : "googleCloudConfig.workerType",
    "value" : null
  }, {
    "name" : "googleCloudConfig.networkType",
    "value" : null
  }, {
    "name" : "googleCloudConfig.network",
    "value" : null
  }, {
    "name" : "googleCloudConfig.subnet",
    "value" : null
  }, {
    "name" : "googleCloudConfig.tags",
    "value" : [ ]
  }, {
    "name" : "googleCloudConfig.workerCount",
    "value" : 2
  }, {
    "name" : "googleCloudConfig.clusterName",
    "value" : null
  }, {
    "name" : "googleCloudConfig.terminate",
    "value" : null
  }, {
    "name" : "transformerEMRConfig.encryption",
    "value" : "NONE"
  }, {
    "name" : "transformerEMRConfig.kmsKeyId",
    "value" : null
  }, {
    "name" : "sdcEmrConnection.region",
    "value" : null
  }, {
    "name" : "sdcEmrConnection.customRegion",
    "value" : null
  }, {
    "name" : "sdcEmrConnection.awsConfig.awsAccessKeyId",
    "value" : null
  }, {
    "name" : "sdcEmrConnection.awsConfig.awsSecretAccessKey",
    "value" : null
  }, {
    "name" : "sdcEmrConnection.s3StagingUri",
    "value" : null
  }, {
    "name" : "sdcEmrConnection.provisionNewCluster",
    "value" : false
  }, {
    "name" : "sdcEmrConnection.clusterId",
    "value" : null
  }, {
    "name" : "sdcEmrConnection.clusterPrefix",
    "value" : null
  }, {
    "name" : "sdcEmrConnection.terminateCluster",
    "value" : false
  }, {
    "name" : "sdcEmrConnection.loggingEnabled",
    "value" : true
  }, {
    "name" : "sdcEmrConnection.s3LogUri",
    "value" : null
  }, {
    "name" : "sdcEmrConnection.serviceRole",
    "value" : "EMR_DefaultRole"
  }, {
    "name" : "sdcEmrConnection.jobFlowRole",
    "value" : "EMR_EC2_DefaultRole"
  }, {
    "name" : "sdcEmrConnection.visibleToAllUsers",
    "value" : true
  }, {
    "name" : "sdcEmrConnection.ec2SubnetId",
    "value" : null
  }, {
    "name" : "sdcEmrConnection.masterSecurityGroup",
    "value" : null
  }, {
    "name" : "sdcEmrConnection.slaveSecurityGroup",
    "value" : null
  }, {
    "name" : "sdcEmrConnection.instanceCount",
    "value" : 2
  }, {
    "name" : "sdcEmrConnection.masterInstanceType",
    "value" : null
  }, {
    "name" : "sdcEmrConnection.masterInstanceTypeCustom",
    "value" : null
  }, {
    "name" : "sdcEmrConnection.slaveInstanceType",
    "value" : null
  }, {
    "name" : "sdcEmrConnection.slaveInstanceTypeCustom",
    "value" : null
  }, {
    "name" : "sdcEmrConnection.awsConfig.credentialMode",
    "value" : "WITH_CREDENTIALS"
  }, {
    "name" : "enableEMRDebugging",
    "value" : true
  }, {
    "name" : "sdcEmrConnection.emrVersion",
    "value" : "5.20.0"
  }, {
    "name" : "transformerEmrConnection.emrVersion",
    "value" : null
  }, {
    "name" : "transformerEmrConnection.region",
    "value" : null
  }, {
    "name" : "transformerEmrConnection.customRegion",
    "value" : null
  }, {
    "name" : "transformerEmrConnection.awsConfig.awsAccessKeyId",
    "value" : null
  }, {
    "name" : "transformerEmrConnection.awsConfig.awsSecretAccessKey",
    "value" : null
  }, {
    "name" : "transformerEmrConnection.s3StagingUri",
    "value" : null
  }, {
    "name" : "transformerEmrConnection.provisionNewCluster",
    "value" : false
  }, {
    "name" : "transformerEmrConnection.clusterId",
    "value" : null
  }, {
    "name" : "transformerEmrConnection.clusterPrefix",
    "value" : null
  }, {
    "name" : "transformerEmrConnection.terminateCluster",
    "value" : false
  }, {
    "name" : "transformerEmrConnection.loggingEnabled",
    "value" : true
  }, {
    "name" : "transformerEmrConnection.s3LogUri",
    "value" : null
  }, {
    "name" : "transformerEmrConnection.serviceRole",
    "value" : "EMR_DefaultRole"
  }, {
    "name" : "transformerEmrConnection.jobFlowRole",
    "value" : "EMR_EC2_DefaultRole"
  }, {
    "name" : "transformerEmrConnection.visibleToAllUsers",
    "value" : true
  }, {
    "name" : "transformerEmrConnection.ec2SubnetId",
    "value" : null
  }, {
    "name" : "transformerEmrConnection.masterSecurityGroup",
    "value" : null
  }, {
    "name" : "transformerEmrConnection.slaveSecurityGroup",
    "value" : null
  }, {
    "name" : "transformerEmrConnection.serviceAccessSecurityGroup",
    "value" : null
  }, {
    "name" : "transformerEmrConnection.instanceCount",
    "value" : 2
  }, {
    "name" : "transformerEmrConnection.masterInstanceType",
    "value" : null
  }, {
    "name" : "transformerEmrConnection.masterInstanceTypeCustom",
    "value" : null
  }, {
    "name" : "transformerEmrConnection.slaveInstanceType",
    "value" : null
  }, {
    "name" : "transformerEmrConnection.slaveInstanceTypeCustom",
    "value" : null
  }, {
    "name" : "transformerEmrConnection.awsConfig.credentialMode",
    "value" : "WITH_CREDENTIALS"
  }, {
    "name" : "sdcEmrConnection.stepConcurrency",
    "value" : 1
  }, {
    "name" : "transformerEmrConnection.stepConcurrency",
    "value" : 1
  }, {
    "name" : "sdcEmrConnection.defineBootstrapActions",
    "value" : false
  }, {
    "name" : "sdcEmrConnection.bootstrapActionSource",
    "value" : "IN_S3"
  }, {
    "name" : "sdcEmrConnection.bootstrapActions",
    "value" : [ ]
  }, {
    "name" : "sdcEmrConnection.bootstrapActionScripts",
    "value" : [ ]
  }, {
    "name" : "transformerEmrConnection.defineBootstrapActions",
    "value" : false
  }, {
    "name" : "transformerEmrConnection.bootstrapActionSource",
    "value" : "IN_S3"
  }, {
    "name" : "transformerEmrConnection.bootstrapActions",
    "value" : [ ]
  }, {
    "name" : "transformerEmrConnection.bootstrapActionScripts",
    "value" : [ ]
  }, {
    "name" : "badRecordsHandling",
    "value" : "streamsets-datacollector-basic-lib::com_streamsets_pipeline_stage_destination_devnull_ToErrorNullDTarget::1"
  }, {
    "name" : "statsAggregatorStage",
    "value" : "streamsets-datacollector-basic-lib::com_streamsets_pipeline_stage_destination_devnull_StatsDpmDirectlyDTarget::1"
  }, {
    "name" : "startEventStage",
    "value" : "streamsets-datacollector-basic-lib::com_streamsets_pipeline_stage_destination_devnull_ToErrorNullDTarget::1"
  }, {
    "name" : "stopEventStage",
    "value" : "streamsets-datacollector-basic-lib::com_streamsets_pipeline_stage_destination_devnull_ToErrorNullDTarget::1"
  }, {
    "name" : "testOriginStage",
    "value" : "streamsets-datacollector-dev-lib::com_streamsets_pipeline_stage_devtest_rawdata_RawDataDSource::3"
  }, {
    "name" : "sdcEmrConnectionSelection",
    "value" : "MANUAL"
  }, {
    "name" : "sdcEmrConnection.awsConfig.roleARN",
    "value" : "arn:aws:iam::<account-id>:role/role-name"
  }, {
    "name" : "sdcEmrConnection.awsConfig.roleSessionName",
    "value" : null
  }, {
    "name" : "sdcEmrConnection.awsConfig.sessionDuration",
    "value" : 3600
  }, {
    "name" : "sdcEmrConnection.awsConfig.setSessionTags",
    "value" : true
  }, {
    "name" : "sdcEmrConnection.serviceAccessSecurityGroup",
    "value" : null
  }, {
    "name" : "transformerEmrConnectionSelection",
    "value" : "MANUAL"
  }, {
    "name" : "transformerEmrConnection.awsConfig.roleARN",
    "value" : "arn:aws:iam::<account-id>:role/role-name"
  }, {
    "name" : "transformerEmrConnection.awsConfig.roleSessionName",
    "value" : null
  }, {
    "name" : "transformerEmrConnection.awsConfig.sessionDuration",
    "value" : 3600
  }, {
    "name" : "transformerEmrConnection.awsConfig.setSessionTags",
    "value" : true
  } ],
  "uiInfo" : {
    "displayMode" : "BASIC",
    "previewConfig" : {
      "executeLifecycleEvents" : false,
      "previewSource" : "CONFIGURED_SOURCE",
      "showHeader" : false,
      "showFieldType" : true,
      "rememberMe" : false,
      "batchSize" : 10,
      "writeToDestinations" : false,
      "timeout" : 30000
    }
  },
  "fragments" : [ ],
  "stages" : [ {
    "instanceName" : "HTTPServer_01",
    "library" : "streamsets-datacollector-basic-lib",
    "stageName" : "com_streamsets_pipeline_stage_origin_httpserver_HttpServerDPushSource",
    "stageVersion" : "15",
    "configuration" : [ {
      "name" : "httpConfigs.spnegoConfigBean.spnegoEnabled",
      "value" : false
    }, {
      "name" : "httpConfigs.spnegoConfigBean.kerberosRealm",
      "value" : null
    }, {
      "name" : "httpConfigs.spnegoConfigBean.spnegoPrincipal",
      "value" : null
    }, {
      "name" : "httpConfigs.spnegoConfigBean.spnegoKeytabFilePath",
      "value" : null
    }, {
      "name" : "httpConfigs.appIds",
      "value" : [ { } ]
    }, {
      "name" : "httpConfigs.basicAuthUsers",
      "value" : [ { } ]
    }, {
      "name" : "httpConfigs.tlsConfigBean.tlsEnabled",
      "value" : false
    }, {
      "name" : "httpConfigs.tlsConfigBean.useRemoteKeyStore",
      "value" : false
    }, {
      "name" : "httpConfigs.tlsConfigBean.keyStoreFilePath",
      "value" : null
    }, {
      "name" : "httpConfigs.tlsConfigBean.privateKey",
      "value" : null
    }, {
      "name" : "httpConfigs.tlsConfigBean.certificateChain",
      "value" : [ { } ]
    }, {
      "name" : "httpConfigs.tlsConfigBean.keyStoreType",
      "value" : "JKS"
    }, {
      "name" : "httpConfigs.tlsConfigBean.keyStorePassword",
      "value" : null
    }, {
      "name" : "httpConfigs.tlsConfigBean.keyStoreAlgorithm",
      "value" : "SunX509"
    }, {
      "name" : "httpConfigs.tlsConfigBean.useDefaultProtocols",
      "value" : true
    }, {
      "name" : "httpConfigs.tlsConfigBean.protocols",
      "value" : [ "" ]
    }, {
      "name" : "httpConfigs.tlsConfigBean.useDefaultCiperSuites",
      "value" : true
    }, {
      "name" : "httpConfigs.tlsConfigBean.cipherSuites",
      "value" : [ "" ]
    }, {
      "name" : "httpConfigs.port",
      "value" : 8002
    }, {
      "name" : "httpConfigs.maxConcurrentRequests",
      "value" : 10
    }, {
      "name" : "httpConfigs.appIdViaQueryParamAllowed",
      "value" : false
    }, {
      "name" : "maxRequestSizeMB",
      "value" : 100
    }, {
      "name" : "dataFormat",
      "value" : "JSON"
    }, {
      "name" : "dataFormatConfig.compression",
      "value" : "NONE"
    }, {
      "name" : "dataFormatConfig.filePatternInArchive",
      "value" : "*"
    }, {
      "name" : "dataFormatConfig.charset",
      "value" : "UTF-8"
    }, {
      "name" : "dataFormatConfig.removeCtrlChars",
      "value" : false
    }, {
      "name" : "dataFormatConfig.textMaxLineLen",
      "value" : 1024
    }, {
      "name" : "dataFormatConfig.useCustomDelimiter",
      "value" : false
    }, {
      "name" : "dataFormatConfig.customDelimiter",
      "value" : "\\r\\n"
    }, {
      "name" : "dataFormatConfig.includeCustomDelimiterInTheText",
      "value" : false
    }, {
      "name" : "dataFormatConfig.jsonContent",
      "value" : "MULTIPLE_OBJECTS"
    }, {
      "name" : "dataFormatConfig.jsonMaxObjectLen",
      "value" : 409600
    }, {
      "name" : "dataFormatConfig.csvFileFormat",
      "value" : "CSV"
    }, {
      "name" : "dataFormatConfig.csvHeader",
      "value" : "NO_HEADER"
    }, {
      "name" : "dataFormatConfig.csvAllowExtraColumns",
      "value" : false
    }, {
      "name" : "dataFormatConfig.csvExtraColumnPrefix",
      "value" : "_extra_"
    }, {
      "name" : "dataFormatConfig.csvMaxObjectLen",
      "value" : 1024
    }, {
      "name" : "dataFormatConfig.csvCustomDelimiter",
      "value" : "|"
    }, {
      "name" : "dataFormatConfig.multiCharacterFieldDelimiter",
      "value" : "||"
    }, {
      "name" : "dataFormatConfig.multiCharacterLineDelimiter",
      "value" : "${str:unescapeJava('\\\\n')}"
    }, {
      "name" : "dataFormatConfig.csvCustomEscape",
      "value" : "\\"
    }, {
      "name" : "dataFormatConfig.csvCustomQuote",
      "value" : "\""
    }, {
      "name" : "dataFormatConfig.csvEnableComments",
      "value" : false
    }, {
      "name" : "dataFormatConfig.csvCommentMarker",
      "value" : "#"
    }, {
      "name" : "dataFormatConfig.csvIgnoreEmptyLines",
      "value" : true
    }, {
      "name" : "dataFormatConfig.csvRecordType",
      "value" : "LIST_MAP"
    }, {
      "name" : "dataFormatConfig.csvSkipStartLines",
      "value" : 0
    }, {
      "name" : "dataFormatConfig.parseNull",
      "value" : false
    }, {
      "name" : "dataFormatConfig.nullConstant",
      "value" : "\\\\N"
    }, {
      "name" : "dataFormatConfig.xmlRecordElement",
      "value" : null
    }, {
      "name" : "dataFormatConfig.preserveRootElement",
      "value" : true
    }, {
      "name" : "dataFormatConfig.includeFieldXpathAttributes",
      "value" : false
    }, {
      "name" : "dataFormatConfig.xPathNamespaceContext",
      "value" : [ ]
    }, {
      "name" : "dataFormatConfig.outputFieldAttributes",
      "value" : false
    }, {
      "name" : "dataFormatConfig.xmlMaxObjectLen",
      "value" : 4096
    }, {
      "name" : "dataFormatConfig.logMode",
      "value" : "COMMON_LOG_FORMAT"
    }, {
      "name" : "dataFormatConfig.logMaxObjectLen",
      "value" : 1024
    }, {
      "name" : "dataFormatConfig.retainOriginalLine",
      "value" : false
    }, {
      "name" : "dataFormatConfig.customLogFormat",
      "value" : "%h %l %u %t \"%r\" %>s %b"
    }, {
      "name" : "dataFormatConfig.regex",
      "value" : "^(\\S+) (\\S+) (\\S+) \\[([\\w:/]+\\s[+\\-]\\d{4})\\] \"(\\S+) (\\S+) (\\S+)\" (\\d{3}) (\\d+)"
    }, {
      "name" : "dataFormatConfig.fieldPathsToGroupName",
      "value" : [ {
        "fieldPath" : "/",
        "group" : 1
      } ]
    }, {
      "name" : "dataFormatConfig.grokPatternDefinition",
      "value" : null
    }, {
      "name" : "dataFormatConfig.grokPattern",
      "value" : "%{COMMONAPACHELOG}"
    }, {
      "name" : "dataFormatConfig.onParseError",
      "value" : "ERROR"
    }, {
      "name" : "dataFormatConfig.maxStackTraceLines",
      "value" : 50
    }, {
      "name" : "dataFormatConfig.enableLog4jCustomLogFormat",
      "value" : false
    }, {
      "name" : "dataFormatConfig.log4jCustomLogFormat",
      "value" : "%r [%t] %-5p %c %x - %m%n"
    }, {
      "name" : "dataFormatConfig.avroSchema",
      "value" : null
    }, {
      "name" : "dataFormatConfig.schemaRegistryUrls",
      "value" : [ "" ]
    }, {
      "name" : "dataFormatConfig.basicAuth",
      "value" : null
    }, {
      "name" : "dataFormatConfig.schemaLookupMode",
      "value" : "SUBJECT"
    }, {
      "name" : "dataFormatConfig.subject",
      "value" : null
    }, {
      "name" : "dataFormatConfig.schemaId",
      "value" : null
    }, {
      "name" : "dataFormatConfig.avroSkipUnionIndex",
      "value" : false
    }, {
      "name" : "dataFormatConfig.protoDescriptorFile",
      "value" : null
    }, {
      "name" : "dataFormatConfig.messageType",
      "value" : null
    }, {
      "name" : "dataFormatConfig.isDelimited",
      "value" : true
    }, {
      "name" : "dataFormatConfig.binaryMaxObjectLen",
      "value" : 1024
    }, {
      "name" : "dataFormatConfig.datagramMode",
      "value" : "SYSLOG"
    }, {
      "name" : "dataFormatConfig.typesDbPath",
      "value" : null
    }, {
      "name" : "dataFormatConfig.convertTime",
      "value" : false
    }, {
      "name" : "dataFormatConfig.excludeInterval",
      "value" : true
    }, {
      "name" : "dataFormatConfig.authFilePath",
      "value" : null
    }, {
      "name" : "dataFormatConfig.netflowOutputValuesMode",
      "value" : "RAW_AND_INTERPRETED"
    }, {
      "name" : "dataFormatConfig.maxTemplateCacheSize",
      "value" : -1
    }, {
      "name" : "dataFormatConfig.templateCacheTimeoutMs",
      "value" : -1
    }, {
      "name" : "dataFormatConfig.netflowOutputValuesModeDatagram",
      "value" : "RAW_AND_INTERPRETED"
    }, {
      "name" : "dataFormatConfig.maxTemplateCacheSizeDatagram",
      "value" : -1
    }, {
      "name" : "dataFormatConfig.templateCacheTimeoutMsDatagram",
      "value" : -1
    }, {
      "name" : "dataFormatConfig.wholeFileMaxObjectLen",
      "value" : 8192
    }, {
      "name" : "dataFormatConfig.rateLimit",
      "value" : "-1"
    }, {
      "name" : "dataFormatConfig.excelHeader",
      "value" : null
    }, {
      "name" : "dataFormatConfig.excelSkipCellsWithNoHeader",
      "value" : false
    }, {
      "name" : "dataFormatConfig.excelReadAllSheets",
      "value" : true
    }, {
      "name" : "dataFormatConfig.excelSheetNames",
      "value" : [ "" ]
    }, {
      "name" : "stageOnRecordError",
      "value" : "TO_ERROR"
    }, {
      "name" : "dataFormatConfig.csvParser",
      "value" : "LEGACY_PARSER"
    }, {
      "name" : "dataFormatConfig.csvUnivocityFieldSeparator",
      "value" : ","
    }, {
      "name" : "dataFormatConfig.csvUnivocityLineSeparator",
      "value" : "${str:unescapeJava('\\\\n')}"
    }, {
      "name" : "dataFormatConfig.csvUnivocityEscape",
      "value" : "\\"
    }, {
      "name" : "dataFormatConfig.csvUnivocityQuote",
      "value" : "\""
    }, {
      "name" : "dataFormatConfig.csvUnivocityMaxColumns",
      "value" : 1000
    }, {
      "name" : "dataFormatConfig.csvUnivocityMaxCharsPerColumn",
      "value" : 1000
    }, {
      "name" : "dataFormatConfig.csvUnivocitySkipEmptyLines",
      "value" : true
    }, {
      "name" : "dataFormatConfig.csvUnivocityAllowComments",
      "value" : false
    }, {
      "name" : "dataFormatConfig.csvUnivocityCommentMarker",
      "value" : "#"
    } ],
    "uiInfo" : {
      "yPos" : 109.99999618530273,
      "stageType" : "SOURCE",
      "icon" : "httpserver_multithreaded.png",
      "description" : "",
      "label" : "Flujo tipo cliente 3",
      "xPos" : -4,
      "displayMode" : "ADVANCED"
    },
    "inputLanes" : [ ],
    "outputLanes" : [ "HTTPServer_01OutputLane16762843737040" ],
    "eventLanes" : [ ],
    "services" : [ ]
  }, {
    "instanceName" : "JavaScriptEvaluator_01",
    "library" : "streamsets-datacollector-basic-lib",
    "stageName" : "com_streamsets_pipeline_stage_processor_javascript_JavaScriptDProcessor",
    "stageVersion" : "3",
    "configuration" : [ {
      "name" : "processingMode",
      "value" : "BATCH"
    }, {
      "name" : "initScript",
      "value" : "/**\n * Available Objects:\n *\n *   sdc.state: a dict that is preserved between invocations of this script.\n *         Useful for caching bits of data e.g. counters and long-lived resources.\n *\n *   sdc.log.<loglevel>(msg, obj...): use instead of print to send log messages to the log4j log instead of stdout.\n *                               loglevel is any log4j level: e.g. info, error, warn, trace.\n *   sdc.getFieldNull(Record, 'field path'): Receive a constant defined above\n *                          to check if the field is typed field with value null\n *   sdc.createMap(boolean listMap): Create a map for use as a field in a record.\n *                          Pass true to this function to create a list map (ordered map)\n */\n\n// sdc.state['connection'] = new Connection().open();\n"
    }, {
      "name" : "script",
      "value" : "var records = sdc.records;\nfor(var i = 0; i < records.length; i++) {\n    try {\n       \n\t\tif(\tsdc.getFieldNull(records[i], '/EXPEDIENTE/COMENTARIOS') == NULL_STRING){\n          records[i].value.EXPEDIENTE.COMENTARIOS = \"no se han añadido comentarios\"\n        } \n        // Write record to processor output\n        sdc.output.write(records[i]);\n    } catch (e) {\n        // Send record to error\n        sdc.error.write(records[i], e);\n    }\n}"
    }, {
      "name" : "destroyScript",
      "value" : "/**\n * Available Objects:\n *\n *   sdc.state: a dict that is preserved between invocations of this script.\n *        Useful for caching bits of data e.g. counters and long-lived resources.\n *   sdc.log.<loglevel>(msg, obj...): use instead of print to send log messages to the log4j log instead of stdout.\n *                               loglevel is any log4j level: e.g. info, error, warn, trace.\n *   sdc.getFieldNull(Record, 'field path'): Receive a constant defined above\n *                          to check if the field is typed field with value null\n *   sdc.createMap(boolean listMap): Create a map for use as a field in a record.\n *                          Pass true to this function to create a list map (ordered map)\n *   sdc.createEvent(String type, int version): Creates a new event.\n *                          Create new empty event with standard headers.\n *   sdc.toEvent(Record): Send event to event stream\n *                          Only events created with sdc.createEvent are supported.\n */\n\n// sdc.state['connection'].close();\n"
    }, {
      "name" : "scriptRecordType",
      "value" : "NATIVE_OBJECTS"
    }, {
      "name" : "userParams",
      "value" : [ ]
    }, {
      "name" : "stageOnRecordError",
      "value" : "TO_ERROR"
    }, {
      "name" : "stageRequiredFields",
      "value" : [ ]
    }, {
      "name" : "stageRecordPreconditions",
      "value" : [ ]
    } ],
    "uiInfo" : {
      "yPos" : 107.99999618530273,
      "stageType" : "PROCESSOR",
      "icon" : "javascript.png",
      "description" : "",
      "label" : "completar Datos",
      "xPos" : 303,
      "displayMode" : "BASIC"
    },
    "inputLanes" : [ "HTTPServer_01OutputLane16762843737040" ],
    "outputLanes" : [ "JavaScriptEvaluator_01OutputLane16762844585990" ],
    "eventLanes" : [ ],
    "services" : [ ]
  }, {
    "instanceName" : "Trash_01",
    "library" : "streamsets-datacollector-basic-lib",
    "stageName" : "com_streamsets_pipeline_stage_destination_devnull_NullDTarget",
    "stageVersion" : "1",
    "configuration" : [ ],
    "uiInfo" : {
      "yPos" : 108,
      "stageType" : "TARGET",
      "icon" : "trash.png",
      "description" : "",
      "label" : "Trash 1",
      "xPos" : 572.3109130859375
    },
    "inputLanes" : [ "JavaScriptEvaluator_01OutputLane16762844585990" ],
    "outputLanes" : [ ],
    "eventLanes" : [ ],
    "services" : [ ]
  } ],
  "errorStage" : {
    "instanceName" : "errorStageStageInstance",
    "library" : "streamsets-datacollector-basic-lib",
    "stageName" : "com_streamsets_pipeline_stage_destination_devnull_ToErrorNullDTarget",
    "stageVersion" : "1",
    "configuration" : [ ],
    "uiInfo" : {
      "stageType" : "TARGET",
      "label" : "Error -Discard"
    },
    "inputLanes" : [ ],
    "outputLanes" : [ ],
    "eventLanes" : [ ],
    "services" : [ ]
  },
  "info" : {
    "pipelineId" : "client3Insa8d1ff02-91e9-438d-8bda-f2fa38b48e43",
    "title" : "client3Insert",
    "description" : "",
    "created" : 1688558759434,
    "lastModified" : 1688558772632,
    "creator" : "user1",
    "lastModifier" : "user1",
    "lastRev" : "0",
    "uuid" : "c42f3488-87e4-4aaf-8991-56985c65182a",
    "valid" : true,
    "metadata" : null,
    "name" : "client3Insa8d1ff02-91e9-438d-8bda-f2fa38b48e43",
    "sdcVersion" : "3.23.0",
    "sdcId" : "1a0f6b5e-93be-11ec-86f9-55f1e8a8e697"
  },
  "metadata" : null,
  "statsAggregatorStage" : {
    "instanceName" : "statsAggregatorStageInstance",
    "library" : "streamsets-datacollector-basic-lib",
    "stageName" : "com_streamsets_pipeline_stage_destination_devnull_StatsDpmDirectlyDTarget",
    "stageVersion" : "1",
    "configuration" : [ ],
    "uiInfo" : {
      "stageType" : "TARGET",
      "label" : "Stats Aggregator -Write Directly to Control Hub - statistics are not aggregated across Data Collectors"
    },
    "inputLanes" : [ ],
    "outputLanes" : [ ],
    "eventLanes" : [ ],
    "services" : [ ]
  },
  "startEventStages" : [ {
    "instanceName" : "Discard_StartEventStage",
    "library" : "streamsets-datacollector-basic-lib",
    "stageName" : "com_streamsets_pipeline_stage_destination_devnull_ToErrorNullDTarget",
    "stageVersion" : "1",
    "configuration" : [ ],
    "uiInfo" : {
      "yPos" : 50,
      "stageType" : "TARGET",
      "icon" : "",
      "description" : "",
      "label" : "Start Event - Discard",
      "xPos" : 218
    },
    "inputLanes" : [ ],
    "outputLanes" : [ ],
    "eventLanes" : [ ],
    "services" : [ ]
  } ],
  "stopEventStages" : [ {
    "instanceName" : "Discard_StopEventStage",
    "library" : "streamsets-datacollector-basic-lib",
    "stageName" : "com_streamsets_pipeline_stage_destination_devnull_ToErrorNullDTarget",
    "stageVersion" : "1",
    "configuration" : [ ],
    "uiInfo" : {
      "yPos" : 50,
      "stageType" : "TARGET",
      "icon" : "",
      "description" : "",
      "label" : "Stop Event - Discard",
      "xPos" : 218
    },
    "inputLanes" : [ ],
    "outputLanes" : [ ],
    "eventLanes" : [ ],
    "services" : [ ]
  } ],
  "testOriginStage" : {
    "instanceName" : "com_streamsets_pipeline_stage_devtest_rawdata_RawDataDSource_TestOriginStage",
    "library" : "streamsets-datacollector-dev-lib",
    "stageName" : "com_streamsets_pipeline_stage_devtest_rawdata_RawDataDSource",
    "stageVersion" : "3",
    "configuration" : [ {
      "name" : "rawData",
      "value" : "{\n  \"f1\": \"abc\",\n  \"f2\": \"xyz\",\n  \"f3\": \"lmn\"\n}"
    }, {
      "name" : "stopAfterFirstBatch",
      "value" : false
    }, {
      "name" : "eventData",
      "value" : null
    }, {
      "name" : "stageOnRecordError",
      "value" : "TO_ERROR"
    } ],
    "uiInfo" : {
      "stageType" : "SOURCE",
      "label" : "Test Origin - Dev Raw Data Source"
    },
    "inputLanes" : [ ],
    "outputLanes" : [ "com_streamsets_pipeline_stage_devtest_rawdata_RawDataDSource_TestOriginStageOutputLane1" ],
    "eventLanes" : [ ],
    "services" : [ {
      "service" : "com.streamsets.pipeline.api.service.dataformats.DataFormatParserService",
      "serviceVersion" : 3,
      "configuration" : [ {
        "name" : "displayFormats",
        "value" : "DELIMITED,JSON,LOG,SDC_JSON,TEXT,XML"
      }, {
        "name" : "dataFormat",
        "value" : "JSON"
      }, {
        "name" : "dataFormatConfig.compression",
        "value" : "NONE"
      }, {
        "name" : "dataFormatConfig.filePatternInArchive",
        "value" : "*"
      }, {
        "name" : "dataFormatConfig.charset",
        "value" : "UTF-8"
      }, {
        "name" : "dataFormatConfig.removeCtrlChars",
        "value" : false
      }, {
        "name" : "dataFormatConfig.textMaxLineLen",
        "value" : 1024
      }, {
        "name" : "dataFormatConfig.useCustomDelimiter",
        "value" : false
      }, {
        "name" : "dataFormatConfig.customDelimiter",
        "value" : "\\r\\n"
      }, {
        "name" : "dataFormatConfig.includeCustomDelimiterInTheText",
        "value" : false
      }, {
        "name" : "dataFormatConfig.jsonContent",
        "value" : "MULTIPLE_OBJECTS"
      }, {
        "name" : "dataFormatConfig.jsonMaxObjectLen",
        "value" : 4096
      }, {
        "name" : "dataFormatConfig.csvFileFormat",
        "value" : "CSV"
      }, {
        "name" : "dataFormatConfig.csvHeader",
        "value" : "NO_HEADER"
      }, {
        "name" : "dataFormatConfig.csvAllowExtraColumns",
        "value" : false
      }, {
        "name" : "dataFormatConfig.csvExtraColumnPrefix",
        "value" : "_extra_"
      }, {
        "name" : "dataFormatConfig.csvMaxObjectLen",
        "value" : 1024
      }, {
        "name" : "dataFormatConfig.csvCustomDelimiter",
        "value" : "|"
      }, {
        "name" : "dataFormatConfig.multiCharacterFieldDelimiter",
        "value" : "||"
      }, {
        "name" : "dataFormatConfig.multiCharacterLineDelimiter",
        "value" : "${str:unescapeJava('\\\\n')}"
      }, {
        "name" : "dataFormatConfig.csvCustomEscape",
        "value" : "\\"
      }, {
        "name" : "dataFormatConfig.csvCustomQuote",
        "value" : "\""
      }, {
        "name" : "dataFormatConfig.csvEnableComments",
        "value" : false
      }, {
        "name" : "dataFormatConfig.csvCommentMarker",
        "value" : "#"
      }, {
        "name" : "dataFormatConfig.csvIgnoreEmptyLines",
        "value" : false
      }, {
        "name" : "dataFormatConfig.csvRecordType",
        "value" : "LIST_MAP"
      }, {
        "name" : "dataFormatConfig.csvSkipStartLines",
        "value" : 0
      }, {
        "name" : "dataFormatConfig.parseNull",
        "value" : false
      }, {
        "name" : "dataFormatConfig.nullConstant",
        "value" : "\\\\N"
      }, {
        "name" : "dataFormatConfig.xmlRecordElement",
        "value" : null
      }, {
        "name" : "dataFormatConfig.preserveRootElement",
        "value" : false
      }, {
        "name" : "dataFormatConfig.includeFieldXpathAttributes",
        "value" : false
      }, {
        "name" : "dataFormatConfig.xPathNamespaceContext",
        "value" : [ ]
      }, {
        "name" : "dataFormatConfig.outputFieldAttributes",
        "value" : false
      }, {
        "name" : "dataFormatConfig.xmlMaxObjectLen",
        "value" : 4096
      }, {
        "name" : "dataFormatConfig.logMode",
        "value" : "COMMON_LOG_FORMAT"
      }, {
        "name" : "dataFormatConfig.logMaxObjectLen",
        "value" : 1024
      }, {
        "name" : "dataFormatConfig.retainOriginalLine",
        "value" : false
      }, {
        "name" : "dataFormatConfig.customLogFormat",
        "value" : "%h %l %u %t \"%r\" %>s %b"
      }, {
        "name" : "dataFormatConfig.regex",
        "value" : "^(\\S+) (\\S+) (\\S+) \\[([\\w:/]+\\s[+\\-]\\d{4})\\] \"(\\S+) (\\S+) (\\S+)\" (\\d{3}) (\\d+)"
      }, {
        "name" : "dataFormatConfig.fieldPathsToGroupName",
        "value" : [ {
          "fieldPath" : "/",
          "group" : 1
        } ]
      }, {
        "name" : "dataFormatConfig.grokPatternDefinition",
        "value" : null
      }, {
        "name" : "dataFormatConfig.grokPattern",
        "value" : "%{COMMONAPACHELOG}"
      }, {
        "name" : "dataFormatConfig.onParseError",
        "value" : "ERROR"
      }, {
        "name" : "dataFormatConfig.maxStackTraceLines",
        "value" : 50
      }, {
        "name" : "dataFormatConfig.enableLog4jCustomLogFormat",
        "value" : false
      }, {
        "name" : "dataFormatConfig.log4jCustomLogFormat",
        "value" : "%r [%t] %-5p %c %x - %m%n"
      }, {
        "name" : "dataFormatConfig.avroSchemaSource",
        "value" : null
      }, {
        "name" : "dataFormatConfig.avroSchema",
        "value" : null
      }, {
        "name" : "dataFormatConfig.schemaRegistryUrls",
        "value" : [ ]
      }, {
        "name" : "dataFormatConfig.basicAuth",
        "value" : null
      }, {
        "name" : "dataFormatConfig.schemaLookupMode",
        "value" : "SUBJECT"
      }, {
        "name" : "dataFormatConfig.subject",
        "value" : null
      }, {
        "name" : "dataFormatConfig.schemaId",
        "value" : null
      }, {
        "name" : "dataFormatConfig.avroSkipUnionIndex",
        "value" : false
      }, {
        "name" : "dataFormatConfig.protoDescriptorFile",
        "value" : null
      }, {
        "name" : "dataFormatConfig.messageType",
        "value" : null
      }, {
        "name" : "dataFormatConfig.isDelimited",
        "value" : false
      }, {
        "name" : "dataFormatConfig.binaryMaxObjectLen",
        "value" : 1024
      }, {
        "name" : "dataFormatConfig.datagramMode",
        "value" : "SYSLOG"
      }, {
        "name" : "dataFormatConfig.typesDbPath",
        "value" : null
      }, {
        "name" : "dataFormatConfig.convertTime",
        "value" : false
      }, {
        "name" : "dataFormatConfig.excludeInterval",
        "value" : false
      }, {
        "name" : "dataFormatConfig.authFilePath",
        "value" : null
      }, {
        "name" : "dataFormatConfig.netflowOutputValuesMode",
        "value" : "RAW_AND_INTERPRETED"
      }, {
        "name" : "dataFormatConfig.maxTemplateCacheSize",
        "value" : -1
      }, {
        "name" : "dataFormatConfig.templateCacheTimeoutMs",
        "value" : -1
      }, {
        "name" : "dataFormatConfig.netflowOutputValuesModeDatagram",
        "value" : "RAW_AND_INTERPRETED"
      }, {
        "name" : "dataFormatConfig.maxTemplateCacheSizeDatagram",
        "value" : -1
      }, {
        "name" : "dataFormatConfig.templateCacheTimeoutMsDatagram",
        "value" : -1
      }, {
        "name" : "dataFormatConfig.wholeFileMaxObjectLen",
        "value" : 8192
      }, {
        "name" : "dataFormatConfig.rateLimit",
        "value" : "-1"
      }, {
        "name" : "dataFormatConfig.verifyChecksum",
        "value" : false
      }, {
        "name" : "dataFormatConfig.excelHeader",
        "value" : null
      }, {
        "name" : "dataFormatConfig.excelSkipCellsWithNoHeader",
        "value" : false
      }, {
        "name" : "dataFormatConfig.excelReadAllSheets",
        "value" : false
      }, {
        "name" : "dataFormatConfig.excelSheetNames",
        "value" : [ ]
      }, {
        "name" : "dataFormatConfig.csvParser",
        "value" : "LEGACY_PARSER"
      }, {
        "name" : "dataFormatConfig.csvUnivocityFieldSeparator",
        "value" : ","
      }, {
        "name" : "dataFormatConfig.csvUnivocityLineSeparator",
        "value" : "${str:unescapeJava('\\\\n')}"
      }, {
        "name" : "dataFormatConfig.csvUnivocityEscape",
        "value" : "\\"
      }, {
        "name" : "dataFormatConfig.csvUnivocityQuote",
        "value" : "\""
      }, {
        "name" : "dataFormatConfig.csvUnivocityMaxColumns",
        "value" : 1000
      }, {
        "name" : "dataFormatConfig.csvUnivocityMaxCharsPerColumn",
        "value" : 1000
      }, {
        "name" : "dataFormatConfig.csvUnivocitySkipEmptyLines",
        "value" : true
      }, {
        "name" : "dataFormatConfig.csvUnivocityAllowComments",
        "value" : false
      }, {
        "name" : "dataFormatConfig.csvUnivocityCommentMarker",
        "value" : "#"
      } ]
    } ]
  },
  "valid" : true,
  "issues" : {
    "pipelineIssues" : [ ],
    "stageIssues" : { },
    "issueCount" : 0
  },
  "previewable" : true
}