{
  ":pipeline:" : {
    "displayMode" : "BASIC",
    "previewConfig" : {
      "executeLifecycleEvents" : false,
      "previewSource" : "CONFIGURED_SOURCE",
      "showHeader" : false,
      "showFieldType" : true,
      "rememberMe" : false,
      "batchSize" : 10,
      "writeToDestinations" : false,
      "timeout" : 30000
    }
  },
  "HTTPServer_01" : {
    "yPos" : 109.99999618530273,
    "stageType" : "SOURCE",
    "icon" : "httpserver_multithreaded.png",
    "description" : "",
    "label" : "Flujo tipo cliente 3",
    "xPos" : -4,
    "displayMode" : "ADVANCED"
  },
  "JavaScriptEvaluator_01" : {
    "yPos" : 107.99999618530273,
    "stageType" : "PROCESSOR",
    "icon" : "javascript.png",
    "description" : "",
    "label" : "completar Datos",
    "xPos" : 303,
    "displayMode" : "BASIC"
  },
  "Trash_01" : {
    "yPos" : 108,
    "stageType" : "TARGET",
    "icon" : "trash.png",
    "description" : "",
    "label" : "Trash 1",
    "xPos" : 572.3109130859375
  }
}