{
  "pipelineId" : "client1Ins63d4d390-fb25-4dea-b7e6-0d5cdb4f420a",
  "title" : "client1Insert",
  "description" : "",
  "created" : 1688558493451,
  "lastModified" : 1688627405106,
  "creator" : "user1",
  "lastModifier" : "user1",
  "lastRev" : "0",
  "uuid" : "cf62595c-9c3a-4a6c-ac8e-c2c0829145cd",
  "valid" : true,
  "metadata" : {
    "labels" : [ ]
  },
  "name" : "client1Ins63d4d390-fb25-4dea-b7e6-0d5cdb4f420a",
  "sdcVersion" : "3.23.0",
  "sdcId" : "1a0f6b5e-93be-11ec-86f9-55f1e8a8e697"
}