{
  ":pipeline:" : {
    "displayMode" : "BASIC",
    "previewConfig" : {
      "previewSource" : "CONFIGURED_SOURCE",
      "batchSize" : 10,
      "timeout" : 30000,
      "writeToDestinations" : false,
      "executeLifecycleEvents" : false,
      "showHeader" : false,
      "showFieldType" : true,
      "rememberMe" : false
    }
  },
  "HTTPServer_01" : {
    "yPos" : 109.99999618530273,
    "stageType" : "SOURCE",
    "icon" : "httpserver_multithreaded.png",
    "description" : "",
    "label" : "Flujo tipo cliente 1",
    "xPos" : -2,
    "displayMode" : "ADVANCED"
  },
  "JavaScriptEvaluator_01" : {
    "yPos" : 107.99999618530273,
    "stageType" : "PROCESSOR",
    "icon" : "javascript.png",
    "description" : "",
    "label" : "completar Datos",
    "xPos" : 303,
    "displayMode" : "BASIC"
  },
  "OnesaitPlatformDestination_01" : {
    "yPos" : 105.99999618530273,
    "stageType" : "TARGET",
    "icon" : "onesait_vector_insert.png",
    "description" : "",
    "label" : "Insertar Expediente en entidad",
    "xPos" : 600,
    "displayMode" : "ADVANCED"
  }
}