{
  "pipelineId" : "FlowEngine450db289-179e-40a1-959d-f0a045d872eb",
  "title" : "FlowEngineLogProcessor",
  "description" : "",
  "created" : 1687502134998,
  "lastModified" : 1687516521115,
  "creator" : "admin",
  "lastModifier" : "admin",
  "lastRev" : "0",
  "uuid" : "d798663c-f933-4f66-8b27-5f207c4f1b78",
  "valid" : true,
  "metadata" : {
    "labels" : [ ]
  },
  "name" : "FlowEngine450db289-179e-40a1-959d-f0a045d872eb",
  "sdcVersion" : "3.23.0",
  "sdcId" : "1a0f6b5e-93be-11ec-86f9-55f1e8a8e697"
}