{
  "schemaVersion" : 6,
  "version" : 23,
  "pipelineId" : "FlowEngine450db289-179e-40a1-959d-f0a045d872eb",
  "title" : "FlowEngineLogProcessor",
  "description" : "",
  "uuid" : "d798663c-f933-4f66-8b27-5f207c4f1b78",
  "configuration" : [ {
    "name" : "executionMode",
    "value" : "STANDALONE"
  }, {
    "name" : "edgeHttpUrl",
    "value" : "http://localhost:18633"
  }, {
    "name" : "deliveryGuarantee",
    "value" : "AT_LEAST_ONCE"
  }, {
    "name" : "shouldRetry",
    "value" : true
  }, {
    "name" : "retryAttempts",
    "value" : -1
  }, {
    "name" : "advancedErrorHandling",
    "value" : false
  }, {
    "name" : "notifyOnStates",
    "value" : [ "RUN_ERROR", "STOPPED", "FINISHED" ]
  }, {
    "name" : "emailIDs",
    "value" : [ ]
  }, {
    "name" : "constants",
    "value" : [ {
      "value" : "e7ef0742d09d4de9c3412b0abdf7f826",
      "key" : "token"
    } ]
  }, {
    "name" : "errorRecordPolicy",
    "value" : "ORIGINAL_RECORD"
  }, {
    "name" : "workerCount",
    "value" : 0
  }, {
    "name" : "clusterSlaveMemory",
    "value" : 2048
  }, {
    "name" : "clusterSlaveJavaOpts",
    "value" : "-XX:+UseConcMarkSweepGC -XX:+UseParNewGC -Dlog4j.debug"
  }, {
    "name" : "clusterLauncherEnv",
    "value" : [ ]
  }, {
    "name" : "mesosDispatcherURL",
    "value" : null
  }, {
    "name" : "logLevel",
    "value" : "INFO"
  }, {
    "name" : "hdfsS3ConfDir",
    "value" : null
  }, {
    "name" : "rateLimit",
    "value" : 0
  }, {
    "name" : "maxRunners",
    "value" : 0
  }, {
    "name" : "shouldCreateFailureSnapshot",
    "value" : true
  }, {
    "name" : "runnerIdleTIme",
    "value" : 60
  }, {
    "name" : "webhookConfigs",
    "value" : [ ]
  }, {
    "name" : "sparkConfigs",
    "value" : [ ]
  }, {
    "name" : "clusterConfig.clusterType",
    "value" : "LOCAL"
  }, {
    "name" : "clusterConfig.sparkMasterUrl",
    "value" : "local[*]"
  }, {
    "name" : "clusterConfig.deployMode",
    "value" : "CLIENT"
  }, {
    "name" : "clusterConfig.hadoopUserName",
    "value" : null
  }, {
    "name" : "clusterConfig.sparkAppName",
    "value" : "${pipeline:title()}"
  }, {
    "name" : "clusterConfig.stagingDir",
    "value" : "/streamsets"
  }, {
    "name" : "clusterConfig.useYarnKerberosKeytab",
    "value" : false
  }, {
    "name" : "clusterConfig.yarnKerberosKeytabSource",
    "value" : "PROPERTIES_FILE"
  }, {
    "name" : "clusterConfig.yarnKerberosKeytab",
    "value" : null
  }, {
    "name" : "clusterConfig.yarnKerberosPrincipal",
    "value" : "name@DOMAIN"
  }, {
    "name" : "databricksConfig.baseUrl",
    "value" : null
  }, {
    "name" : "databricksConfig.credentialType",
    "value" : null
  }, {
    "name" : "databricksConfig.username",
    "value" : ""
  }, {
    "name" : "databricksConfig.password",
    "value" : ""
  }, {
    "name" : "databricksConfig.token",
    "value" : ""
  }, {
    "name" : "databricksConfig.provisionNewCluster",
    "value" : true
  }, {
    "name" : "databricksConfig.clusterId",
    "value" : null
  }, {
    "name" : "databricksConfig.clusterConfig",
    "value" : "{\n    \"num_workers\": 8,\n    \"spark_version\": \"5.3.x-scala2.11\",\n    \"node_type_id\": \"i3.xlarge\"\n}"
  }, {
    "name" : "databricksConfig.terminateCluster",
    "value" : false
  }, {
    "name" : "livyConfig.baseUrl",
    "value" : "https://localhost:30443/gateway/default/livy/v1/"
  }, {
    "name" : "livyConfig.username",
    "value" : ""
  }, {
    "name" : "livyConfig.password",
    "value" : ""
  }, {
    "name" : "ludicrousMode",
    "value" : false
  }, {
    "name" : "ludicrousModeInputCount",
    "value" : false
  }, {
    "name" : "advancedErrorHandling",
    "value" : false
  }, {
    "name" : "triggerInterval",
    "value" : 2000
  }, {
    "name" : "preprocessScript",
    "value" : ""
  }, {
    "name" : "clusterConfig.callbackUrl",
    "value" : null
  }, {
    "name" : "googleCloudConfig.region",
    "value" : null
  }, {
    "name" : "googleCloudConfig.customRegion",
    "value" : null
  }, {
    "name" : "googleCloudConfig.gcsStagingUri",
    "value" : null
  }, {
    "name" : "googleCloudConfig.create",
    "value" : false
  }, {
    "name" : "googleCloudConfig.clusterPrefix",
    "value" : null
  }, {
    "name" : "googleCloudConfig.version",
    "value" : "1.4-ubuntu18"
  }, {
    "name" : "googleCloudConfig.masterType",
    "value" : null
  }, {
    "name" : "googleCloudConfig.workerType",
    "value" : null
  }, {
    "name" : "googleCloudConfig.networkType",
    "value" : null
  }, {
    "name" : "googleCloudConfig.network",
    "value" : null
  }, {
    "name" : "googleCloudConfig.subnet",
    "value" : null
  }, {
    "name" : "googleCloudConfig.tags",
    "value" : [ ]
  }, {
    "name" : "googleCloudConfig.workerCount",
    "value" : 2
  }, {
    "name" : "googleCloudConfig.clusterName",
    "value" : null
  }, {
    "name" : "googleCloudConfig.terminate",
    "value" : false
  }, {
    "name" : "googleCloudCredentialsConfig.projectId",
    "value" : null
  }, {
    "name" : "googleCloudCredentialsConfig.credentialsProvider",
    "value" : null
  }, {
    "name" : "googleCloudCredentialsConfig.path",
    "value" : null
  }, {
    "name" : "googleCloudCredentialsConfig.credentialsFileContent",
    "value" : null
  }, {
    "name" : "clusterConfig.yarnKerberosKeytabBase64Bytes",
    "value" : null
  }, {
    "name" : "transformerEMRConfig.encryption",
    "value" : "NONE"
  }, {
    "name" : "transformerEMRConfig.kmsKeyId",
    "value" : null
  }, {
    "name" : "sdcEmrConnection.region",
    "value" : null
  }, {
    "name" : "sdcEmrConnection.customRegion",
    "value" : null
  }, {
    "name" : "sdcEmrConnection.awsConfig.awsAccessKeyId",
    "value" : ""
  }, {
    "name" : "sdcEmrConnection.awsConfig.awsSecretAccessKey",
    "value" : ""
  }, {
    "name" : "sdcEmrConnection.s3StagingUri",
    "value" : null
  }, {
    "name" : "sdcEmrConnection.provisionNewCluster",
    "value" : false
  }, {
    "name" : "sdcEmrConnection.clusterId",
    "value" : null
  }, {
    "name" : "sdcEmrConnection.clusterPrefix",
    "value" : null
  }, {
    "name" : "sdcEmrConnection.terminateCluster",
    "value" : false
  }, {
    "name" : "sdcEmrConnection.loggingEnabled",
    "value" : true
  }, {
    "name" : "sdcEmrConnection.s3LogUri",
    "value" : null
  }, {
    "name" : "sdcEmrConnection.serviceRole",
    "value" : "EMR_DefaultRole"
  }, {
    "name" : "sdcEmrConnection.jobFlowRole",
    "value" : "EMR_EC2_DefaultRole"
  }, {
    "name" : "sdcEmrConnection.visibleToAllUsers",
    "value" : true
  }, {
    "name" : "sdcEmrConnection.ec2SubnetId",
    "value" : null
  }, {
    "name" : "sdcEmrConnection.masterSecurityGroup",
    "value" : null
  }, {
    "name" : "sdcEmrConnection.slaveSecurityGroup",
    "value" : null
  }, {
    "name" : "sdcEmrConnection.instanceCount",
    "value" : 2
  }, {
    "name" : "sdcEmrConnection.masterInstanceType",
    "value" : null
  }, {
    "name" : "sdcEmrConnection.masterInstanceTypeCustom",
    "value" : null
  }, {
    "name" : "sdcEmrConnection.slaveInstanceType",
    "value" : null
  }, {
    "name" : "sdcEmrConnection.slaveInstanceTypeCustom",
    "value" : null
  }, {
    "name" : "sdcEmrConnection.awsConfig.credentialMode",
    "value" : "WITH_CREDENTIALS"
  }, {
    "name" : "enableEMRDebugging",
    "value" : true
  }, {
    "name" : "sdcEmrConnection.emrVersion",
    "value" : "5.20.0"
  }, {
    "name" : "transformerEmrConnection.emrVersion",
    "value" : null
  }, {
    "name" : "transformerEmrConnection.region",
    "value" : null
  }, {
    "name" : "transformerEmrConnection.customRegion",
    "value" : null
  }, {
    "name" : "transformerEmrConnection.s3StagingUri",
    "value" : null
  }, {
    "name" : "transformerEmrConnection.clusterPrefix",
    "value" : null
  }, {
    "name" : "transformerEmrConnection.clusterId",
    "value" : null
  }, {
    "name" : "transformerEmrConnection.terminateCluster",
    "value" : false
  }, {
    "name" : "transformerEmrConnection.s3LogUri",
    "value" : null
  }, {
    "name" : "transformerEmrConnection.serviceRole",
    "value" : "EMR_DefaultRole"
  }, {
    "name" : "transformerEmrConnection.jobFlowRole",
    "value" : "EMR_EC2_DefaultRole"
  }, {
    "name" : "transformerEmrConnection.visibleToAllUsers",
    "value" : true
  }, {
    "name" : "transformerEmrConnection.loggingEnabled",
    "value" : true
  }, {
    "name" : "transformerEmrConnection.ec2SubnetId",
    "value" : null
  }, {
    "name" : "transformerEmrConnection.masterSecurityGroup",
    "value" : null
  }, {
    "name" : "transformerEmrConnection.slaveSecurityGroup",
    "value" : null
  }, {
    "name" : "transformerEmrConnection.instanceCount",
    "value" : 2
  }, {
    "name" : "transformerEmrConnection.masterInstanceType",
    "value" : null
  }, {
    "name" : "transformerEmrConnection.slaveInstanceType",
    "value" : null
  }, {
    "name" : "transformerEmrConnection.masterInstanceTypeCustom",
    "value" : null
  }, {
    "name" : "transformerEmrConnection.slaveInstanceTypeCustom",
    "value" : null
  }, {
    "name" : "transformerEmrConnection.awsConfig.awsAccessKeyId",
    "value" : null
  }, {
    "name" : "transformerEmrConnection.awsConfig.awsSecretAccessKey",
    "value" : null
  }, {
    "name" : "transformerEmrConnection.provisionNewCluster",
    "value" : false
  }, {
    "name" : "transformerEmrConnection.serviceAccessSecurityGroup",
    "value" : null
  }, {
    "name" : "transformerEmrConnection.awsConfig.credentialMode",
    "value" : "WITH_CREDENTIALS"
  }, {
    "name" : "sdcEmrConnection.stepConcurrency",
    "value" : 1
  }, {
    "name" : "transformerEmrConnection.stepConcurrency",
    "value" : 1
  }, {
    "name" : "sdcEmrConnection.defineBootstrapActions",
    "value" : false
  }, {
    "name" : "sdcEmrConnection.bootstrapActionSource",
    "value" : "IN_S3"
  }, {
    "name" : "sdcEmrConnection.bootstrapActions",
    "value" : [ ]
  }, {
    "name" : "sdcEmrConnection.bootstrapActionScripts",
    "value" : [ ]
  }, {
    "name" : "transformerEmrConnection.defineBootstrapActions",
    "value" : false
  }, {
    "name" : "transformerEmrConnection.bootstrapActionSource",
    "value" : "IN_S3"
  }, {
    "name" : "transformerEmrConnection.bootstrapActions",
    "value" : [ ]
  }, {
    "name" : "transformerEmrConnection.bootstrapActionScripts",
    "value" : [ ]
  }, {
    "name" : "badRecordsHandling",
    "value" : "streamsets-datacollector-basic-lib::com_streamsets_pipeline_stage_destination_devnull_ToErrorNullDTarget::1"
  }, {
    "name" : "statsAggregatorStage",
    "value" : "streamsets-datacollector-basic-lib::com_streamsets_pipeline_stage_destination_devnull_StatsDpmDirectlyDTarget::1"
  }, {
    "name" : "startEventStage",
    "value" : "streamsets-datacollector-basic-lib::com_streamsets_pipeline_stage_destination_devnull_ToErrorNullDTarget::1"
  }, {
    "name" : "stopEventStage",
    "value" : "streamsets-datacollector-basic-lib::com_streamsets_pipeline_stage_destination_devnull_ToErrorNullDTarget::1"
  }, {
    "name" : "testOriginStage",
    "value" : "streamsets-datacollector-dev-lib::com_streamsets_pipeline_stage_devtest_rawdata_RawDataDSource::3"
  }, {
    "name" : "sdcEmrConnectionSelection",
    "value" : "MANUAL"
  }, {
    "name" : "sdcEmrConnection.awsConfig.roleARN",
    "value" : "arn:aws:iam::<account-id>:role/role-name"
  }, {
    "name" : "sdcEmrConnection.awsConfig.roleSessionName",
    "value" : null
  }, {
    "name" : "sdcEmrConnection.awsConfig.sessionDuration",
    "value" : 3600
  }, {
    "name" : "sdcEmrConnection.awsConfig.setSessionTags",
    "value" : true
  }, {
    "name" : "sdcEmrConnection.serviceAccessSecurityGroup",
    "value" : null
  }, {
    "name" : "transformerEmrConnectionSelection",
    "value" : "MANUAL"
  }, {
    "name" : "transformerEmrConnection.awsConfig.roleARN",
    "value" : "arn:aws:iam::<account-id>:role/role-name"
  }, {
    "name" : "transformerEmrConnection.awsConfig.roleSessionName",
    "value" : null
  }, {
    "name" : "transformerEmrConnection.awsConfig.sessionDuration",
    "value" : 3600
  }, {
    "name" : "transformerEmrConnection.awsConfig.setSessionTags",
    "value" : true
  } ],
  "uiInfo" : {
    "displayMode" : "ADVANCED",
    "previewConfig" : {
      "executeLifecycleEvents" : true,
      "previewSource" : "CONFIGURED_SOURCE",
      "showHeader" : true,
      "showFieldType" : true,
      "rememberMe" : false,
      "batchSize" : "1000",
      "writeToDestinations" : true,
      "timeout" : 30000
    }
  },
  "fragments" : [ ],
  "stages" : [ {
    "instanceName" : "Directory_01",
    "library" : "streamsets-datacollector-basic-lib",
    "stageName" : "com_streamsets_pipeline_stage_origin_spooldir_SpoolDirDSource",
    "stageVersion" : "12",
    "configuration" : [ {
      "name" : "conf.dataFormatConfig.compression",
      "value" : "NONE"
    }, {
      "name" : "conf.dataFormatConfig.filePatternInArchive",
      "value" : "*"
    }, {
      "name" : "conf.dataFormatConfig.charset",
      "value" : "UTF-8"
    }, {
      "name" : "conf.dataFormatConfig.removeCtrlChars",
      "value" : false
    }, {
      "name" : "conf.dataFormatConfig.textMaxLineLen",
      "value" : 214748364
    }, {
      "name" : "conf.dataFormatConfig.useCustomDelimiter",
      "value" : false
    }, {
      "name" : "conf.dataFormatConfig.customDelimiter",
      "value" : "\\r\\n"
    }, {
      "name" : "conf.dataFormatConfig.includeCustomDelimiterInTheText",
      "value" : false
    }, {
      "name" : "conf.dataFormatConfig.jsonContent",
      "value" : "MULTIPLE_OBJECTS"
    }, {
      "name" : "conf.dataFormatConfig.jsonMaxObjectLen",
      "value" : 4096
    }, {
      "name" : "conf.dataFormatConfig.csvFileFormat",
      "value" : "CSV"
    }, {
      "name" : "conf.dataFormatConfig.csvHeader",
      "value" : "NO_HEADER"
    }, {
      "name" : "conf.dataFormatConfig.csvAllowExtraColumns",
      "value" : false
    }, {
      "name" : "conf.dataFormatConfig.csvExtraColumnPrefix",
      "value" : "_extra_"
    }, {
      "name" : "conf.dataFormatConfig.csvMaxObjectLen",
      "value" : 1024
    }, {
      "name" : "conf.dataFormatConfig.csvCustomDelimiter",
      "value" : "|"
    }, {
      "name" : "conf.dataFormatConfig.multiCharacterFieldDelimiter",
      "value" : "||"
    }, {
      "name" : "conf.dataFormatConfig.multiCharacterLineDelimiter",
      "value" : "${str:unescapeJava('\\\\n')}"
    }, {
      "name" : "conf.dataFormatConfig.csvCustomEscape",
      "value" : "\\"
    }, {
      "name" : "conf.dataFormatConfig.csvCustomQuote",
      "value" : "\""
    }, {
      "name" : "conf.dataFormatConfig.csvEnableComments",
      "value" : false
    }, {
      "name" : "conf.dataFormatConfig.csvCommentMarker",
      "value" : "#"
    }, {
      "name" : "conf.dataFormatConfig.csvIgnoreEmptyLines",
      "value" : true
    }, {
      "name" : "conf.dataFormatConfig.csvRecordType",
      "value" : "LIST_MAP"
    }, {
      "name" : "conf.dataFormatConfig.csvSkipStartLines",
      "value" : 0
    }, {
      "name" : "conf.dataFormatConfig.parseNull",
      "value" : false
    }, {
      "name" : "conf.dataFormatConfig.nullConstant",
      "value" : "\\\\N"
    }, {
      "name" : "conf.dataFormatConfig.xmlRecordElement",
      "value" : null
    }, {
      "name" : "conf.dataFormatConfig.includeFieldXpathAttributes",
      "value" : false
    }, {
      "name" : "conf.dataFormatConfig.xPathNamespaceContext",
      "value" : [ ]
    }, {
      "name" : "conf.dataFormatConfig.outputFieldAttributes",
      "value" : false
    }, {
      "name" : "conf.dataFormatConfig.xmlMaxObjectLen",
      "value" : 4096
    }, {
      "name" : "conf.dataFormatConfig.logMode",
      "value" : "COMMON_LOG_FORMAT"
    }, {
      "name" : "conf.dataFormatConfig.logMaxObjectLen",
      "value" : 1024
    }, {
      "name" : "conf.dataFormatConfig.retainOriginalLine",
      "value" : false
    }, {
      "name" : "conf.dataFormatConfig.customLogFormat",
      "value" : "%h %l %u %t \"%r\" %>s %b"
    }, {
      "name" : "conf.dataFormatConfig.regex",
      "value" : "^(\\S+) (\\S+) (\\S+) \\[([\\w:/]+\\s[+\\-]\\d{4})\\] \"(\\S+) (\\S+) (\\S+)\" (\\d{3}) (\\d+)"
    }, {
      "name" : "conf.dataFormatConfig.fieldPathsToGroupName",
      "value" : [ {
        "fieldPath" : "/",
        "group" : 1
      } ]
    }, {
      "name" : "conf.dataFormatConfig.grokPatternDefinition",
      "value" : null
    }, {
      "name" : "conf.dataFormatConfig.grokPattern",
      "value" : "%{COMMONAPACHELOG}"
    }, {
      "name" : "conf.dataFormatConfig.onParseError",
      "value" : "ERROR"
    }, {
      "name" : "conf.dataFormatConfig.maxStackTraceLines",
      "value" : 50
    }, {
      "name" : "conf.dataFormatConfig.enableLog4jCustomLogFormat",
      "value" : false
    }, {
      "name" : "conf.dataFormatConfig.log4jCustomLogFormat",
      "value" : "%r [%t] %-5p %c %x - %m%n"
    }, {
      "name" : "conf.dataFormatConfig.avroSchema",
      "value" : null
    }, {
      "name" : "conf.dataFormatConfig.schemaRegistryUrls",
      "value" : [ ]
    }, {
      "name" : "conf.dataFormatConfig.schemaLookupMode",
      "value" : "SUBJECT"
    }, {
      "name" : "conf.dataFormatConfig.subject",
      "value" : null
    }, {
      "name" : "conf.dataFormatConfig.schemaId",
      "value" : null
    }, {
      "name" : "conf.dataFormatConfig.protoDescriptorFile",
      "value" : null
    }, {
      "name" : "conf.dataFormatConfig.messageType",
      "value" : null
    }, {
      "name" : "conf.dataFormatConfig.isDelimited",
      "value" : true
    }, {
      "name" : "conf.dataFormatConfig.binaryMaxObjectLen",
      "value" : 1024
    }, {
      "name" : "conf.dataFormatConfig.datagramMode",
      "value" : "SYSLOG"
    }, {
      "name" : "conf.dataFormatConfig.typesDbPath",
      "value" : null
    }, {
      "name" : "conf.dataFormatConfig.convertTime",
      "value" : false
    }, {
      "name" : "conf.dataFormatConfig.excludeInterval",
      "value" : true
    }, {
      "name" : "conf.dataFormatConfig.authFilePath",
      "value" : null
    }, {
      "name" : "conf.dataFormatConfig.netflowOutputValuesMode",
      "value" : "RAW_AND_INTERPRETED"
    }, {
      "name" : "conf.dataFormatConfig.maxTemplateCacheSize",
      "value" : -1
    }, {
      "name" : "conf.dataFormatConfig.templateCacheTimeoutMs",
      "value" : -1
    }, {
      "name" : "conf.dataFormatConfig.netflowOutputValuesModeDatagram",
      "value" : "RAW_AND_INTERPRETED"
    }, {
      "name" : "conf.dataFormatConfig.maxTemplateCacheSizeDatagram",
      "value" : -1
    }, {
      "name" : "conf.dataFormatConfig.templateCacheTimeoutMsDatagram",
      "value" : -1
    }, {
      "name" : "conf.dataFormatConfig.wholeFileMaxObjectLen",
      "value" : 8192
    }, {
      "name" : "conf.dataFormatConfig.rateLimit",
      "value" : "-1"
    }, {
      "name" : "conf.dataFormatConfig.excelHeader",
      "value" : null
    }, {
      "name" : "conf.dataFormatConfig.excelSkipCellsWithNoHeader",
      "value" : false
    }, {
      "name" : "conf.dataFormatConfig.excelReadAllSheets",
      "value" : true
    }, {
      "name" : "conf.dataFormatConfig.excelSheetNames",
      "value" : [ ]
    }, {
      "name" : "conf.dataFormat",
      "value" : "TEXT"
    }, {
      "name" : "conf.spoolDir",
      "value" : "/var/log/platform-logs/"
    }, {
      "name" : "conf.numberOfThreads",
      "value" : 1
    }, {
      "name" : "conf.pathMatcherMode",
      "value" : "GLOB"
    }, {
      "name" : "conf.filePattern",
      "value" : "2023_06_22.debug.log"
    }, {
      "name" : "conf.useLastModified",
      "value" : "LEXICOGRAPHICAL"
    }, {
      "name" : "conf.processSubdirectories",
      "value" : false
    }, {
      "name" : "conf.allowLateDirectory",
      "value" : false
    }, {
      "name" : "conf.overrunLimit",
      "value" : 128
    }, {
      "name" : "conf.batchSize",
      "value" : 1000
    }, {
      "name" : "conf.poolingTimeoutSecs",
      "value" : 60
    }, {
      "name" : "conf.maxSpoolFiles",
      "value" : 1000
    }, {
      "name" : "conf.spoolingPeriod",
      "value" : 5
    }, {
      "name" : "conf.initialFileToProcess",
      "value" : null
    }, {
      "name" : "conf.errorArchiveDir",
      "value" : null
    }, {
      "name" : "conf.postProcessing",
      "value" : "NONE"
    }, {
      "name" : "conf.archiveDir",
      "value" : null
    }, {
      "name" : "conf.retentionTimeMins",
      "value" : 0
    }, {
      "name" : "stageOnRecordError",
      "value" : "TO_ERROR"
    }, {
      "name" : "conf.dataFormatConfig.preserveRootElement",
      "value" : false
    }, {
      "name" : "conf.dataFormatConfig.basicAuth",
      "value" : null
    }, {
      "name" : "conf.dataFormatConfig.avroSkipUnionIndex",
      "value" : false
    }, {
      "name" : "conf.dataFormatConfig.csvParser",
      "value" : "LEGACY_PARSER"
    }, {
      "name" : "conf.dataFormatConfig.csvUnivocityFieldSeparator",
      "value" : ","
    }, {
      "name" : "conf.dataFormatConfig.csvUnivocityLineSeparator",
      "value" : "${str:unescapeJava('\\\\n')}"
    }, {
      "name" : "conf.dataFormatConfig.csvUnivocityEscape",
      "value" : "\\"
    }, {
      "name" : "conf.dataFormatConfig.csvUnivocityQuote",
      "value" : "\""
    }, {
      "name" : "conf.dataFormatConfig.csvUnivocityMaxColumns",
      "value" : 1000
    }, {
      "name" : "conf.dataFormatConfig.csvUnivocityMaxCharsPerColumn",
      "value" : 1000
    }, {
      "name" : "conf.dataFormatConfig.csvUnivocitySkipEmptyLines",
      "value" : true
    }, {
      "name" : "conf.dataFormatConfig.csvUnivocityAllowComments",
      "value" : false
    }, {
      "name" : "conf.dataFormatConfig.csvUnivocityCommentMarker",
      "value" : "#"
    } ],
    "uiInfo" : {
      "yPos" : 50,
      "stageType" : "SOURCE",
      "rawSource" : {
        "configuration" : [ {
          "name" : "fileName"
        } ]
      },
      "description" : "",
      "label" : "Directory 1",
      "xPos" : 60,
      "displayMode" : "BASIC"
    },
    "inputLanes" : [ ],
    "outputLanes" : [ "Directory_01OutputLane16759532172840" ],
    "eventLanes" : [ ],
    "services" : [ ]
  }, {
    "instanceName" : "StreamSelector_01",
    "library" : "streamsets-datacollector-basic-lib",
    "stageName" : "com_streamsets_pipeline_stage_processor_selector_SelectorDProcessor",
    "stageVersion" : "1",
    "configuration" : [ {
      "name" : "lanePredicates",
      "value" : [ {
        "predicate" : "${str:startsWith(record:value(\"/text\"),\"{\\\"level\\\":\\\"info\\\",\\\"message\\\":\\\"Node-Red Manager. app.js-->REST Method: getAllDomainMF()\")}",
        "outputLane" : "StreamSelector_01OutputLane1675953934647"
      }, {
        "predicate" : "default",
        "outputLane" : "StreamSelector_01OutputLane1675953925092"
      } ]
    }, {
      "name" : "stageOnRecordError",
      "value" : "TO_ERROR"
    }, {
      "name" : "stageRequiredFields",
      "value" : [ ]
    }, {
      "name" : "stageRecordPreconditions",
      "value" : [ ]
    } ],
    "uiInfo" : {
      "yPos" : 112.38372802734375,
      "stageType" : "PROCESSOR",
      "description" : "",
      "label" : "Stream Selector 1",
      "xPos" : 269.26849365234375,
      "displayMode" : "BASIC"
    },
    "inputLanes" : [ "Directory_01OutputLane16759532172840" ],
    "outputLanes" : [ "StreamSelector_01OutputLane1675953934647", "StreamSelector_01OutputLane1675953925092" ],
    "eventLanes" : [ ],
    "services" : [ ]
  }, {
    "instanceName" : "ExpressionEvaluator_01",
    "library" : "streamsets-datacollector-basic-lib",
    "stageName" : "com_streamsets_pipeline_stage_processor_expression_ExpressionDProcessor",
    "stageVersion" : "2",
    "configuration" : [ {
      "name" : "expressionProcessorConfigs",
      "value" : [ {
        "expression" : "${str:unescapeJava(str:substring(record:value('/text'), 95,str:length(record:value('/text'))-2))}",
        "fieldToSet" : "/text"
      } ]
    }, {
      "name" : "headerAttributeConfigs",
      "value" : [ { } ]
    }, {
      "name" : "fieldAttributeConfigs",
      "value" : [ {
        "fieldToSet" : "/"
      } ]
    }, {
      "name" : "stageOnRecordError",
      "value" : "TO_ERROR"
    }, {
      "name" : "stageRequiredFields",
      "value" : [ ]
    }, {
      "name" : "stageRecordPreconditions",
      "value" : [ ]
    } ],
    "uiInfo" : {
      "description" : "",
      "yPos" : 40,
      "label" : "Expression Evaluator 1",
      "xPos" : 500,
      "stageType" : "PROCESSOR"
    },
    "inputLanes" : [ "StreamSelector_01OutputLane1675953934647" ],
    "outputLanes" : [ "ExpressionEvaluator_01OutputLane16759542568030" ],
    "eventLanes" : [ ],
    "services" : [ ]
  }, {
    "instanceName" : "JSONParser_01",
    "library" : "streamsets-datacollector-basic-lib",
    "stageName" : "com_streamsets_pipeline_stage_processor_jsonparser_JsonParserDProcessor",
    "stageVersion" : "1",
    "configuration" : [ {
      "name" : "fieldPathToParse",
      "value" : "/text"
    }, {
      "name" : "removeCtrlChars",
      "value" : false
    }, {
      "name" : "parsedFieldPath",
      "value" : "/data"
    }, {
      "name" : "stageOnRecordError",
      "value" : "TO_ERROR"
    }, {
      "name" : "stageRequiredFields",
      "value" : [ ]
    }, {
      "name" : "stageRecordPreconditions",
      "value" : [ ]
    } ],
    "uiInfo" : {
      "yPos" : 170,
      "stageType" : "PROCESSOR",
      "description" : "",
      "label" : "JSON Parser 1",
      "xPos" : 500,
      "displayMode" : "BASIC"
    },
    "inputLanes" : [ "StreamSelector_01OutputLane1675953925092" ],
    "outputLanes" : [ "JSONParser_01OutputLane16759545102380" ],
    "eventLanes" : [ ],
    "services" : [ ]
  }, {
    "instanceName" : "JSONParser_02",
    "library" : "streamsets-datacollector-basic-lib",
    "stageName" : "com_streamsets_pipeline_stage_processor_jsonparser_JsonParserDProcessor",
    "stageVersion" : "1",
    "configuration" : [ {
      "name" : "fieldPathToParse",
      "value" : "/text"
    }, {
      "name" : "removeCtrlChars",
      "value" : false
    }, {
      "name" : "parsedFieldPath",
      "value" : "/data"
    }, {
      "name" : "stageOnRecordError",
      "value" : "TO_ERROR"
    }, {
      "name" : "stageRequiredFields",
      "value" : [ ]
    }, {
      "name" : "stageRecordPreconditions",
      "value" : [ ]
    } ],
    "uiInfo" : {
      "description" : "",
      "yPos" : 40,
      "label" : "JSON Parser 2",
      "xPos" : 720,
      "stageType" : "PROCESSOR"
    },
    "inputLanes" : [ "ExpressionEvaluator_01OutputLane16759542568030" ],
    "outputLanes" : [ "JSONParser_02OutputLane16759545375800" ],
    "eventLanes" : [ ],
    "services" : [ ]
  }, {
    "instanceName" : "FieldRemover_01",
    "library" : "streamsets-datacollector-basic-lib",
    "stageName" : "com_streamsets_pipeline_stage_processor_fieldfilter_FieldFilterDProcessor",
    "stageVersion" : "1",
    "configuration" : [ {
      "name" : "filterOperation",
      "value" : "REMOVE"
    }, {
      "name" : "fields",
      "value" : [ "/text" ]
    }, {
      "name" : "constant",
      "value" : null
    }, {
      "name" : "stageRequiredFields",
      "value" : [ ]
    }, {
      "name" : "stageRecordPreconditions",
      "value" : [ ]
    } ],
    "uiInfo" : {
      "yPos" : 170,
      "stageType" : "PROCESSOR",
      "description" : "",
      "label" : "Field Remover 1",
      "xPos" : 720,
      "displayMode" : "BASIC"
    },
    "inputLanes" : [ "JSONParser_01OutputLane16759545102380" ],
    "outputLanes" : [ "FieldRemover_01OutputLane16759549780240" ],
    "eventLanes" : [ ],
    "services" : [ ]
  }, {
    "instanceName" : "FieldRemover_02",
    "library" : "streamsets-datacollector-basic-lib",
    "stageName" : "com_streamsets_pipeline_stage_processor_fieldfilter_FieldFilterDProcessor",
    "stageVersion" : "1",
    "configuration" : [ {
      "name" : "filterOperation",
      "value" : "REMOVE"
    }, {
      "name" : "fields",
      "value" : [ "/text" ]
    }, {
      "name" : "constant",
      "value" : null
    }, {
      "name" : "stageRequiredFields",
      "value" : [ ]
    }, {
      "name" : "stageRecordPreconditions",
      "value" : [ ]
    } ],
    "uiInfo" : {
      "description" : "",
      "yPos" : 40,
      "label" : "Field Remover 2",
      "xPos" : 940,
      "stageType" : "PROCESSOR"
    },
    "inputLanes" : [ "JSONParser_02OutputLane16759545375800" ],
    "outputLanes" : [ "FieldRemover_02OutputLane16759549892280" ],
    "eventLanes" : [ ],
    "services" : [ ]
  }, {
    "instanceName" : "ExpressionEvaluator_03",
    "library" : "streamsets-datacollector-basic-lib",
    "stageName" : "com_streamsets_pipeline_stage_processor_expression_ExpressionDProcessor",
    "stageVersion" : "2",
    "configuration" : [ {
      "name" : "expressionProcessorConfigs",
      "value" : [ {
        "expression" : "${record:value('/data/level')}",
        "fieldToSet" : "/level"
      }, {
        "expression" : "${record:value('/data/id')}",
        "fieldToSet" : "/id"
      }, {
        "expression" : "${record:value('/data/type')}",
        "fieldToSet" : "/type"
      }, {
        "expression" : "${record:value('/data/msg')}",
        "fieldToSet" : "/msg"
      }, {
        "expression" : "${record:value('/data/z')}",
        "fieldToSet" : "/z"
      }, {
        "expression" : "${record:value('/data/path')}",
        "fieldToSet" : "/path"
      }, {
        "expression" : "${record:value('/data/timestamp')}",
        "fieldToSet" : "/timestamp"
      }, {
        "expression" : "${record:value('/data/level_name')}",
        "fieldToSet" : "/level_name"
      }, {
        "expression" : "${record:value('/data/domain')}",
        "fieldToSet" : "/domain"
      }, {
        "expression" : "${record:value('/data/timestampISO')}",
        "fieldToSet" : "/timestampISO"
      } ]
    }, {
      "name" : "headerAttributeConfigs",
      "value" : [ { } ]
    }, {
      "name" : "fieldAttributeConfigs",
      "value" : [ {
        "fieldToSet" : "/"
      } ]
    }, {
      "name" : "stageOnRecordError",
      "value" : "TO_ERROR"
    }, {
      "name" : "stageRequiredFields",
      "value" : [ ]
    }, {
      "name" : "stageRecordPreconditions",
      "value" : [ ]
    } ],
    "uiInfo" : {
      "yPos" : 170,
      "stageType" : "PROCESSOR",
      "description" : "",
      "label" : "Expression Evaluator 3",
      "xPos" : 946.4431762695312,
      "displayMode" : "BASIC"
    },
    "inputLanes" : [ "FieldRemover_01OutputLane16759549780240" ],
    "outputLanes" : [ "ExpressionEvaluator_03OutputLane16788051047460" ],
    "eventLanes" : [ ],
    "services" : [ ]
  }, {
    "instanceName" : "FieldRemover_03",
    "library" : "streamsets-datacollector-basic-lib",
    "stageName" : "com_streamsets_pipeline_stage_processor_fieldfilter_FieldFilterDProcessor",
    "stageVersion" : "1",
    "configuration" : [ {
      "name" : "filterOperation",
      "value" : "REMOVE"
    }, {
      "name" : "fields",
      "value" : [ "/data" ]
    }, {
      "name" : "constant",
      "value" : null
    }, {
      "name" : "stageRequiredFields",
      "value" : [ ]
    }, {
      "name" : "stageRecordPreconditions",
      "value" : [ ]
    } ],
    "uiInfo" : {
      "yPos" : 172.38478088378906,
      "stageType" : "PROCESSOR",
      "description" : "",
      "label" : "Field Remover 3",
      "xPos" : 1162.384765625,
      "displayMode" : "BASIC"
    },
    "inputLanes" : [ "ExpressionEvaluator_03OutputLane16788051047460" ],
    "outputLanes" : [ "FieldRemover_03OutputLane16788051344990" ],
    "eventLanes" : [ ],
    "services" : [ ]
  }, {
    "instanceName" : "StreamSelector_02",
    "library" : "streamsets-datacollector-basic-lib",
    "stageName" : "com_streamsets_pipeline_stage_processor_selector_SelectorDProcessor",
    "stageVersion" : "1",
    "configuration" : [ {
      "name" : "lanePredicates",
      "value" : [ {
        "predicate" : "${record:value(\"/type\")!=null}",
        "outputLane" : "StreamSelector_02OutputLane1675955348947"
      }, {
        "predicate" : "default",
        "outputLane" : "StreamSelector_02OutputLane1675955345665"
      } ]
    }, {
      "name" : "stageOnRecordError",
      "value" : "TO_ERROR"
    }, {
      "name" : "stageRequiredFields",
      "value" : [ ]
    }, {
      "name" : "stageRecordPreconditions",
      "value" : [ ]
    } ],
    "uiInfo" : {
      "yPos" : 166.32659912109375,
      "stageType" : "PROCESSOR",
      "description" : "",
      "label" : "Log node type filter",
      "xPos" : 1387.25048828125,
      "displayMode" : "BASIC"
    },
    "inputLanes" : [ "FieldRemover_03OutputLane16788051344990" ],
    "outputLanes" : [ "StreamSelector_02OutputLane1675955348947", "StreamSelector_02OutputLane1675955345665" ],
    "eventLanes" : [ ],
    "services" : [ ]
  }, {
    "instanceName" : "Trash_03",
    "library" : "streamsets-datacollector-basic-lib",
    "stageName" : "com_streamsets_pipeline_stage_destination_devnull_NullDTarget",
    "stageVersion" : "1",
    "configuration" : [ ],
    "uiInfo" : {
      "description" : "",
      "yPos" : 365.1205139160156,
      "label" : "Trash 3",
      "xPos" : 1647.6954345703125,
      "stageType" : "TARGET"
    },
    "inputLanes" : [ "StreamSelector_02OutputLane1675955345665" ],
    "outputLanes" : [ ],
    "eventLanes" : [ ],
    "services" : [ ]
  }, {
    "instanceName" : "StreamSelector_04",
    "library" : "streamsets-datacollector-basic-lib",
    "stageName" : "com_streamsets_pipeline_stage_processor_selector_SelectorDProcessor",
    "stageVersion" : "1",
    "configuration" : [ {
      "name" : "lanePredicates",
      "value" : [ {
        "predicate" : "${record:value(\"/data\")==null}",
        "outputLane" : "StreamSelector_04OutputLane1678807091045"
      }, {
        "predicate" : "default",
        "outputLane" : "StreamSelector_04OutputLane1678807082964"
      } ]
    }, {
      "name" : "stageOnRecordError",
      "value" : "TO_ERROR"
    }, {
      "name" : "stageRequiredFields",
      "value" : [ ]
    }, {
      "name" : "stageRecordPreconditions",
      "value" : [ ]
    } ],
    "uiInfo" : {
      "description" : "",
      "yPos" : 40,
      "label" : "Stream Selector 2",
      "xPos" : 1160,
      "stageType" : "PROCESSOR"
    },
    "inputLanes" : [ "FieldRemover_02OutputLane16759549892280" ],
    "outputLanes" : [ "StreamSelector_04OutputLane1678807091045", "StreamSelector_04OutputLane1678807082964" ],
    "eventLanes" : [ ],
    "services" : [ ]
  }, {
    "instanceName" : "FieldPivoter_01",
    "library" : "streamsets-datacollector-basic-lib",
    "stageName" : "com_streamsets_pipeline_stage_processor_listpivot_ListPivotDProcessor",
    "stageVersion" : "3",
    "configuration" : [ {
      "name" : "listPath",
      "value" : "/data/data"
    }, {
      "name" : "copyFields",
      "value" : true
    }, {
      "name" : "newPath",
      "value" : "/data2"
    }, {
      "name" : "replaceListField",
      "value" : true
    }, {
      "name" : "saveOriginalFieldName",
      "value" : false
    }, {
      "name" : "originalFieldNamePath",
      "value" : null
    }, {
      "name" : "onStagePreConditionFailure",
      "value" : "TO_ERROR"
    }, {
      "name" : "stageOnRecordError",
      "value" : "TO_ERROR"
    }, {
      "name" : "stageRequiredFields",
      "value" : [ ]
    }, {
      "name" : "stageRecordPreconditions",
      "value" : [ ]
    } ],
    "uiInfo" : {
      "description" : "",
      "yPos" : 46.28630828857422,
      "label" : "Field Pivoter 1",
      "xPos" : 1387.689208984375,
      "stageType" : "PROCESSOR"
    },
    "inputLanes" : [ "StreamSelector_04OutputLane1678807082964" ],
    "outputLanes" : [ "FieldPivoter_01OutputLane16760185591870" ],
    "eventLanes" : [ ],
    "services" : [ ]
  }, {
    "instanceName" : "ExpressionEvaluator_02",
    "library" : "streamsets-datacollector-basic-lib",
    "stageName" : "com_streamsets_pipeline_stage_processor_expression_ExpressionDProcessor",
    "stageVersion" : "2",
    "configuration" : [ {
      "name" : "expressionProcessorConfigs",
      "value" : [ {
        "expression" : "${length(record:value(\"/data2/sockets\"))}",
        "fieldToSet" : "/socketCount"
      }, {
        "expression" : "${record:value('/data/timestampISO')}",
        "fieldToSet" : "/timestampISO"
      }, {
        "expression" : "${record:value('/data2/domain')}",
        "fieldToSet" : "/domain"
      }, {
        "expression" : "${record:value('/data2/port')}",
        "fieldToSet" : "/port"
      }, {
        "expression" : "${record:value('/data2/home')}",
        "fieldToSet" : "/home"
      }, {
        "expression" : "${record:value('/data2/state')}",
        "fieldToSet" : "/state"
      }, {
        "expression" : "${record:value('/data2/cpu')!=''?record:value('/data2/cpu'):0}",
        "fieldToSet" : "/cpu"
      }, {
        "expression" : "${record:value('/data2/memory')!=''?record:value('/data2/memory'):0}",
        "fieldToSet" : "/memory"
      } ]
    }, {
      "name" : "headerAttributeConfigs",
      "value" : [ { } ]
    }, {
      "name" : "fieldAttributeConfigs",
      "value" : [ {
        "fieldToSet" : "/"
      } ]
    }, {
      "name" : "stageOnRecordError",
      "value" : "TO_ERROR"
    }, {
      "name" : "stageRequiredFields",
      "value" : [ ]
    }, {
      "name" : "stageRecordPreconditions",
      "value" : [ ]
    } ],
    "uiInfo" : {
      "description" : "",
      "yPos" : 40.763038635253906,
      "label" : "Expression Evaluator 2",
      "xPos" : 1604.33203125,
      "stageType" : "PROCESSOR"
    },
    "inputLanes" : [ "FieldPivoter_01OutputLane16760185591870" ],
    "outputLanes" : [ "ExpressionEvaluator_02OutputLane16760190115120" ],
    "eventLanes" : [ ],
    "services" : [ ]
  }, {
    "instanceName" : "Trash_04",
    "library" : "streamsets-datacollector-basic-lib",
    "stageName" : "com_streamsets_pipeline_stage_destination_devnull_NullDTarget",
    "stageVersion" : "1",
    "configuration" : [ ],
    "uiInfo" : {
      "description" : "",
      "yPos" : -77.21576309204102,
      "label" : "Trash 2",
      "xPos" : 1389.746826171875,
      "stageType" : "TARGET"
    },
    "inputLanes" : [ "StreamSelector_04OutputLane1678807091045" ],
    "outputLanes" : [ ],
    "eventLanes" : [ ],
    "services" : [ ]
  }, {
    "instanceName" : "FieldRemover_04",
    "library" : "streamsets-datacollector-basic-lib",
    "stageName" : "com_streamsets_pipeline_stage_processor_fieldfilter_FieldFilterDProcessor",
    "stageVersion" : "1",
    "configuration" : [ {
      "name" : "filterOperation",
      "value" : "REMOVE"
    }, {
      "name" : "fields",
      "value" : [ "/data", "/data2" ]
    }, {
      "name" : "constant",
      "value" : null
    }, {
      "name" : "stageRequiredFields",
      "value" : [ ]
    }, {
      "name" : "stageRecordPreconditions",
      "value" : [ ]
    } ],
    "uiInfo" : {
      "description" : "",
      "yPos" : 41.846031188964844,
      "label" : "Field Remover 4",
      "xPos" : 2036.1756591796875,
      "stageType" : "PROCESSOR"
    },
    "inputLanes" : [ "ExpressionEvaluator_02OutputLane16760190115120" ],
    "outputLanes" : [ "FieldRemover_04OutputLane16788077458270" ],
    "eventLanes" : [ ],
    "services" : [ ]
  }, {
    "instanceName" : "StreamSelector_03",
    "library" : "streamsets-datacollector-basic-lib",
    "stageName" : "com_streamsets_pipeline_stage_processor_selector_SelectorDProcessor",
    "stageVersion" : "1",
    "configuration" : [ {
      "name" : "lanePredicates",
      "value" : [ {
        "predicate" : "${record:value(\"/domain\")==\"not existing\"}",
        "outputLane" : "StreamSelector_03OutputLane1676018766477"
      }, {
        "predicate" : "default",
        "outputLane" : "StreamSelector_03OutputLane1676018762706"
      } ]
    }, {
      "name" : "stageOnRecordError",
      "value" : "TO_ERROR"
    }, {
      "name" : "stageRequiredFields",
      "value" : [ ]
    }, {
      "name" : "stageRecordPreconditions",
      "value" : [ ]
    } ],
    "uiInfo" : {
      "yPos" : 41.954368591308594,
      "stageType" : "PROCESSOR",
      "description" : "",
      "label" : "Domain filter",
      "xPos" : 2257.07568359375,
      "displayMode" : "BASIC"
    },
    "inputLanes" : [ "FieldRemover_04OutputLane16788077458270" ],
    "outputLanes" : [ "StreamSelector_03OutputLane1676018766477", "StreamSelector_03OutputLane1676018762706" ],
    "eventLanes" : [ ],
    "services" : [ ]
  }, {
    "instanceName" : "Trash_02",
    "library" : "streamsets-datacollector-basic-lib",
    "stageName" : "com_streamsets_pipeline_stage_destination_devnull_NullDTarget",
    "stageVersion" : "1",
    "configuration" : [ ],
    "uiInfo" : {
      "description" : "",
      "yPos" : -109.91700029373169,
      "label" : "Sync - Health status",
      "xPos" : 2465.921142578125,
      "stageType" : "TARGET"
    },
    "inputLanes" : [ "StreamSelector_03OutputLane1676018766477" ],
    "outputLanes" : [ ],
    "eventLanes" : [ ],
    "services" : [ ]
  }, {
    "instanceName" : "FieldTypeConverter_01",
    "library" : "streamsets-datacollector-basic-lib",
    "stageName" : "com_streamsets_pipeline_stage_processor_fieldtypeconverter_FieldTypeConverterDProcessor",
    "stageVersion" : "2",
    "configuration" : [ {
      "name" : "convertBy",
      "value" : "BY_FIELD"
    }, {
      "name" : "fieldTypeConverterConfigs",
      "value" : [ {
        "decimalScaleRoundingStrategy" : "ROUND_UNNECESSARY",
        "dateFormat" : "YYYY_MM_DD",
        "scale" : -1,
        "targetType" : "INTEGER",
        "dataLocale" : "en,US",
        "zonedDateTimeFormat" : "ISO_ZONED_DATE_TIME",
        "fields" : [ "/port" ],
        "encoding" : "UTF-8",
        "treatInputFieldAsDate" : false
      } ]
    }, {
      "name" : "wholeTypeConverterConfigs",
      "value" : [ {
        "decimalScaleRoundingStrategy" : "ROUND_UNNECESSARY",
        "sourceType" : "INTEGER",
        "dateFormat" : "YYYY_MM_DD",
        "scale" : -1,
        "targetType" : "INTEGER",
        "dataLocale" : "en,US",
        "zonedDateTimeFormat" : "ISO_ZONED_DATE_TIME",
        "encoding" : "UTF-8",
        "treatInputFieldAsDate" : false
      } ]
    }, {
      "name" : "stageOnRecordError",
      "value" : "TO_ERROR"
    }, {
      "name" : "stageRequiredFields",
      "value" : [ ]
    }, {
      "name" : "stageRecordPreconditions",
      "value" : [ ]
    } ],
    "uiInfo" : {
      "description" : "",
      "yPos" : 65.5684814453125,
      "label" : "Field Type Converter 1",
      "xPos" : 2480.000244140625,
      "stageType" : "PROCESSOR"
    },
    "inputLanes" : [ "StreamSelector_03OutputLane1676018762706" ],
    "outputLanes" : [ "FieldTypeConverter_01OutputLane16788081732460" ],
    "eventLanes" : [ ],
    "services" : [ ]
  }, {
    "instanceName" : "OnesaitPlatformDestination_01",
    "library" : "onesaitplatform-streamsets",
    "stageName" : "com_minsait_onesait_platform_streamsets_destination_OnesaitplatformDTarget",
    "stageVersion" : "3",
    "configuration" : [ {
      "name" : "stageDConfig.protocol",
      "value" : "http"
    }, {
      "name" : "stageDConfig.host",
      "value" : "iotbrokerservice"
    }, {
      "name" : "stageDConfig.port",
      "value" : 19000
    }, {
      "name" : "stageDConfig.avoidSSL",
      "value" : false
    }, {
      "name" : "stageDConfig.timeout",
      "value" : 5000
    }, {
      "name" : "stageDConfig.token",
      "value" : "${token}"
    }, {
      "name" : "stageDConfig.device",
      "value" : "FlowEngine-logging-client"
    }, {
      "name" : "stageDConfig.deviceId",
      "value" : "FlowEngine-logging-client"
    }, {
      "name" : "stageDConfig.ontology",
      "value" : "flowEngineResourceConsumption"
    }, {
      "name" : "stageDConfig.proxyDConfig.useProxy",
      "value" : false
    }, {
      "name" : "stageDConfig.proxyDConfig.proxyHost",
      "value" : null
    }, {
      "name" : "stageDConfig.proxyDConfig.proxyPort",
      "value" : 80
    }, {
      "name" : "stageDConfig.proxyDConfig.proxyUser",
      "value" : ""
    }, {
      "name" : "stageDConfig.proxyDConfig.proxyUserPassword",
      "value" : ""
    }, {
      "name" : "ontologyProcessInstance",
      "value" : "NOROOTNODE"
    }, {
      "name" : "customRootNode",
      "value" : null
    }, {
      "name" : "bulk",
      "value" : 200
    }, {
      "name" : "thread",
      "value" : 1
    }, {
      "name" : "timeseriesOntology",
      "value" : false
    }, {
      "name" : "timeseriesMultiupdate",
      "value" : true
    }, {
      "name" : "retryAtMultiUpdateFail",
      "value" : false
    }, {
      "name" : "retryExecutorThreads",
      "value" : 10
    }, {
      "name" : "timeseriesTimeOntology",
      "value" : "TENMINUTES"
    }, {
      "name" : "destinationTimeseriesValueField",
      "value" : "values"
    }, {
      "name" : "timeseriesFieldOntology",
      "value" : "timestamp"
    }, {
      "name" : "valueTimeseriesField",
      "value" : "v"
    }, {
      "name" : "precalcSumTimeseries",
      "value" : false
    }, {
      "name" : "precalcSumTimeseriesField",
      "value" : "s"
    }, {
      "name" : "precalcSumTimeseriesProperty",
      "value" : null
    }, {
      "name" : "precalcCountTimeseries",
      "value" : false
    }, {
      "name" : "precalcCountTimeseriesField",
      "value" : "c"
    }, {
      "name" : "historyTimeseries",
      "value" : false
    }, {
      "name" : "historyTimeseriesField",
      "value" : "h"
    }, {
      "name" : "historyTimeStampField",
      "value" : "/historyTimestamp"
    }, {
      "name" : "updateFields",
      "value" : [ ]
    }, {
      "name" : "originTimeseriesValueField",
      "value" : "/value"
    }, {
      "name" : "timestampRecordField",
      "value" : "/timestamp"
    }, {
      "name" : "minTimeseries",
      "value" : false
    }, {
      "name" : "minTimeseriesFields",
      "value" : [ { } ]
    }, {
      "name" : "maxTimeseries",
      "value" : false
    }, {
      "name" : "maxTimeseriesFields",
      "value" : [ { } ]
    }, {
      "name" : "ignoreNulls",
      "value" : false
    }, {
      "name" : "createNewDocs",
      "value" : false
    }, {
      "name" : "expirationTime",
      "value" : 600
    }, {
      "name" : "maxCacheSize",
      "value" : 10000
    }, {
      "name" : "stageOnRecordError",
      "value" : "TO_ERROR"
    }, {
      "name" : "stageRequiredFields",
      "value" : [ ]
    }, {
      "name" : "stageRecordPreconditions",
      "value" : [ ]
    }, {
      "name" : "generateErrorOnNoModification",
      "value" : true
    }, {
      "name" : "maxTimeseriesRoot",
      "value" : false
    }, {
      "name" : "maxTimeseriesRootFields",
      "value" : null
    }, {
      "name" : "minTimeseriesRoot",
      "value" : false
    }, {
      "name" : "minTimeseriesRootFields",
      "value" : null
    } ],
    "uiInfo" : {
      "yPos" : 73.04104614257812,
      "stageType" : "TARGET",
      "description" : "",
      "label" : "OnesaitPlatform Destination 1",
      "xPos" : 2703.657958984375,
      "displayMode" : "BASIC"
    },
    "inputLanes" : [ "FieldTypeConverter_01OutputLane16788081732460" ],
    "outputLanes" : [ ],
    "eventLanes" : [ ],
    "services" : [ ]
  }, {
    "instanceName" : "FieldMapper_01",
    "library" : "streamsets-datacollector-basic-lib",
    "stageName" : "com_streamsets_pipeline_stage_processor_mapper_FieldMapperDProcessor",
    "stageVersion" : "1",
    "configuration" : [ {
      "name" : "fieldMapperConfig.operateOn",
      "value" : "FIELD_NAMES"
    }, {
      "name" : "fieldMapperConfig.conditionalExpression",
      "value" : "${f:type() == 'STRING' and f:name() == 'msg'}"
    }, {
      "name" : "fieldMapperConfig.mappingExpression",
      "value" : "msg_text"
    }, {
      "name" : "fieldMapperConfig.aggregationExpression",
      "value" : "${fields}"
    }, {
      "name" : "fieldMapperConfig.structureChangeAllowed",
      "value" : true
    }, {
      "name" : "fieldMapperConfig.appendListValues",
      "value" : false
    }, {
      "name" : "fieldMapperConfig.maintainOriginalPaths",
      "value" : false
    }, {
      "name" : "stageOnRecordError",
      "value" : "TO_ERROR"
    }, {
      "name" : "stageRequiredFields",
      "value" : [ ]
    }, {
      "name" : "stageRecordPreconditions",
      "value" : [ ]
    } ],
    "uiInfo" : {
      "yPos" : 178.86358642578125,
      "stageType" : "PROCESSOR",
      "icon" : "iconfinder_thefreeforty_map_1243687.png",
      "description" : "",
      "label" : "Field Mapper 1",
      "xPos" : 1613.773681640625,
      "displayMode" : "BASIC"
    },
    "inputLanes" : [ "StreamSelector_02OutputLane1675955348947" ],
    "outputLanes" : [ "FieldMapper_01OutputLane16875144874550" ],
    "eventLanes" : [ ],
    "services" : [ ]
  }, {
    "instanceName" : "StreamSelector_05",
    "library" : "streamsets-datacollector-basic-lib",
    "stageName" : "com_streamsets_pipeline_stage_processor_selector_SelectorDProcessor",
    "stageVersion" : "1",
    "configuration" : [ {
      "name" : "lanePredicates",
      "value" : [ {
        "outputLane" : "StreamSelector_05OutputLane1687514545614",
        "predicate" : "${record:value(\"/msg_text\")==null}"
      }, {
        "outputLane" : "StreamSelector_05OutputLane1687514539840",
        "predicate" : "default"
      } ]
    }, {
      "name" : "stageOnRecordError",
      "value" : "TO_ERROR"
    }, {
      "name" : "stageRequiredFields",
      "value" : [ ]
    }, {
      "name" : "stageRecordPreconditions",
      "value" : [ ]
    } ],
    "uiInfo" : {
      "yPos" : 205.92494201660156,
      "stageType" : "PROCESSOR",
      "icon" : "laneSelector.png",
      "description" : "",
      "label" : "Stream Selector 3",
      "xPos" : 1831.10009765625,
      "displayMode" : "BASIC"
    },
    "inputLanes" : [ "FieldMapper_01OutputLane16875144874550" ],
    "outputLanes" : [ "StreamSelector_05OutputLane1687514545614", "StreamSelector_05OutputLane1687514539840" ],
    "eventLanes" : [ ],
    "services" : [ ]
  }, {
    "instanceName" : "ExpressionEvaluator_04",
    "library" : "streamsets-datacollector-basic-lib",
    "stageName" : "com_streamsets_pipeline_stage_processor_expression_ExpressionDProcessor",
    "stageVersion" : "2",
    "configuration" : [ {
      "name" : "expressionProcessorConfigs",
      "value" : [ {
        "fieldToSet" : "/msg",
        "expression" : "${emptyMap()}"
      }, {
        "fieldToSet" : "/msg/message",
        "expression" : "${record:value('/msg_text')}"
      } ]
    }, {
      "name" : "headerAttributeConfigs",
      "value" : [ { } ]
    }, {
      "name" : "fieldAttributeConfigs",
      "value" : [ {
        "fieldToSet" : "/"
      } ]
    }, {
      "name" : "stageOnRecordError",
      "value" : "TO_ERROR"
    }, {
      "name" : "stageRequiredFields",
      "value" : [ ]
    }, {
      "name" : "stageRecordPreconditions",
      "value" : [ ]
    } ],
    "uiInfo" : {
      "yPos" : 305.4066996895144,
      "stageType" : "PROCESSOR",
      "icon" : "expression.png",
      "description" : "",
      "label" : "Expression Evaluator 4",
      "xPos" : 2032.1787076530968,
      "displayMode" : "BASIC"
    },
    "inputLanes" : [ "StreamSelector_05OutputLane1687514539840" ],
    "outputLanes" : [ "ExpressionEvaluator_04OutputLane16875145751150" ],
    "eventLanes" : [ ],
    "services" : [ ]
  }, {
    "instanceName" : "OnesaitPlatformDestination_02",
    "library" : "onesaitplatform-streamsets",
    "stageName" : "com_minsait_onesait_platform_streamsets_destination_OnesaitplatformDTarget",
    "stageVersion" : "3",
    "configuration" : [ {
      "name" : "stageDConfig.protocol",
      "value" : "http"
    }, {
      "name" : "stageDConfig.host",
      "value" : "iotbrokerservice"
    }, {
      "name" : "stageDConfig.port",
      "value" : 19000
    }, {
      "name" : "stageDConfig.avoidSSL",
      "value" : false
    }, {
      "name" : "stageDConfig.timeout",
      "value" : 5000
    }, {
      "name" : "stageDConfig.token",
      "value" : "${token}"
    }, {
      "name" : "stageDConfig.device",
      "value" : "FlowEngine-logging-client"
    }, {
      "name" : "stageDConfig.deviceId",
      "value" : "FlowEngine-logging-client"
    }, {
      "name" : "stageDConfig.ontology",
      "value" : "flowEngineDomainLogs"
    }, {
      "name" : "stageDConfig.proxyDConfig.useProxy",
      "value" : false
    }, {
      "name" : "stageDConfig.proxyDConfig.proxyHost",
      "value" : null
    }, {
      "name" : "stageDConfig.proxyDConfig.proxyPort",
      "value" : 80
    }, {
      "name" : "stageDConfig.proxyDConfig.proxyUser",
      "value" : ""
    }, {
      "name" : "stageDConfig.proxyDConfig.proxyUserPassword",
      "value" : ""
    }, {
      "name" : "ontologyProcessInstance",
      "value" : "NOROOTNODE"
    }, {
      "name" : "customRootNode",
      "value" : null
    }, {
      "name" : "bulk",
      "value" : 200
    }, {
      "name" : "thread",
      "value" : 1
    }, {
      "name" : "timeseriesOntology",
      "value" : false
    }, {
      "name" : "timeseriesMultiupdate",
      "value" : true
    }, {
      "name" : "retryAtMultiUpdateFail",
      "value" : false
    }, {
      "name" : "retryExecutorThreads",
      "value" : 10
    }, {
      "name" : "timeseriesTimeOntology",
      "value" : "TENMINUTES"
    }, {
      "name" : "destinationTimeseriesValueField",
      "value" : "values"
    }, {
      "name" : "timeseriesFieldOntology",
      "value" : "timestamp"
    }, {
      "name" : "valueTimeseriesField",
      "value" : "v"
    }, {
      "name" : "precalcSumTimeseries",
      "value" : false
    }, {
      "name" : "precalcSumTimeseriesField",
      "value" : "s"
    }, {
      "name" : "precalcSumTimeseriesProperty",
      "value" : null
    }, {
      "name" : "precalcCountTimeseries",
      "value" : false
    }, {
      "name" : "precalcCountTimeseriesField",
      "value" : "c"
    }, {
      "name" : "historyTimeseries",
      "value" : false
    }, {
      "name" : "historyTimeseriesField",
      "value" : "h"
    }, {
      "name" : "historyTimeStampField",
      "value" : "/historyTimestamp"
    }, {
      "name" : "updateFields",
      "value" : [ ]
    }, {
      "name" : "originTimeseriesValueField",
      "value" : "/value"
    }, {
      "name" : "timestampRecordField",
      "value" : "/timestamp"
    }, {
      "name" : "minTimeseries",
      "value" : false
    }, {
      "name" : "minTimeseriesFields",
      "value" : [ { } ]
    }, {
      "name" : "maxTimeseries",
      "value" : false
    }, {
      "name" : "maxTimeseriesFields",
      "value" : [ { } ]
    }, {
      "name" : "ignoreNulls",
      "value" : false
    }, {
      "name" : "createNewDocs",
      "value" : false
    }, {
      "name" : "expirationTime",
      "value" : 600
    }, {
      "name" : "maxCacheSize",
      "value" : 10000
    }, {
      "name" : "stageOnRecordError",
      "value" : "TO_ERROR"
    }, {
      "name" : "stageRequiredFields",
      "value" : [ ]
    }, {
      "name" : "stageRecordPreconditions",
      "value" : [ ]
    }, {
      "name" : "generateErrorOnNoModification",
      "value" : true
    }, {
      "name" : "maxTimeseriesRoot",
      "value" : false
    }, {
      "name" : "maxTimeseriesRootFields",
      "value" : null
    }, {
      "name" : "minTimeseriesRoot",
      "value" : false
    }, {
      "name" : "minTimeseriesRootFields",
      "value" : null
    } ],
    "uiInfo" : {
      "yPos" : 204.1409149169922,
      "stageType" : "TARGET",
      "description" : "",
      "label" : "OnesaitPlatform Destination 2",
      "xPos" : 2276.39306640625,
      "displayMode" : "BASIC"
    },
    "inputLanes" : [ "StreamSelector_05OutputLane1687514545614", "ExpressionEvaluator_04OutputLane16875145751150" ],
    "outputLanes" : [ ],
    "eventLanes" : [ ],
    "services" : [ ]
  } ],
  "errorStage" : {
    "instanceName" : "Discard_ErrorStage",
    "library" : "streamsets-datacollector-basic-lib",
    "stageName" : "com_streamsets_pipeline_stage_destination_devnull_ToErrorNullDTarget",
    "stageVersion" : "1",
    "configuration" : [ ],
    "uiInfo" : {
      "description" : "",
      "yPos" : 50,
      "label" : "Error Records - Discard",
      "xPos" : 651,
      "stageType" : "TARGET"
    },
    "inputLanes" : [ ],
    "outputLanes" : [ ],
    "eventLanes" : [ ],
    "services" : [ ]
  },
  "info" : {
    "pipelineId" : "FlowEngine450db289-179e-40a1-959d-f0a045d872eb",
    "title" : "FlowEngineLogProcessor",
    "description" : "",
    "created" : 1687502134998,
    "lastModified" : 1687516521115,
    "creator" : "admin",
    "lastModifier" : "admin",
    "lastRev" : "0",
    "uuid" : "d798663c-f933-4f66-8b27-5f207c4f1b78",
    "valid" : true,
    "metadata" : {
      "labels" : [ ]
    },
    "name" : "FlowEngine450db289-179e-40a1-959d-f0a045d872eb",
    "sdcVersion" : "3.23.0",
    "sdcId" : "1a0f6b5e-93be-11ec-86f9-55f1e8a8e697"
  },
  "metadata" : {
    "labels" : [ ]
  },
  "statsAggregatorStage" : {
    "instanceName" : "statsAggregatorStageInstance",
    "library" : "streamsets-datacollector-basic-lib",
    "stageName" : "com_streamsets_pipeline_stage_destination_devnull_StatsDpmDirectlyDTarget",
    "stageVersion" : "1",
    "configuration" : [ ],
    "uiInfo" : {
      "stageType" : "TARGET",
      "label" : "Stats Aggregator -Write Directly to Control Hub - statistics are not aggregated across Data Collectors"
    },
    "inputLanes" : [ ],
    "outputLanes" : [ ],
    "eventLanes" : [ ],
    "services" : [ ]
  },
  "startEventStages" : [ {
    "instanceName" : "Discard_StartEventStage",
    "library" : "streamsets-datacollector-basic-lib",
    "stageName" : "com_streamsets_pipeline_stage_destination_devnull_ToErrorNullDTarget",
    "stageVersion" : "1",
    "configuration" : [ ],
    "uiInfo" : {
      "description" : "",
      "yPos" : 50,
      "label" : "Start Event - Discard",
      "xPos" : 280,
      "stageType" : "TARGET"
    },
    "inputLanes" : [ ],
    "outputLanes" : [ ],
    "eventLanes" : [ ],
    "services" : [ ]
  } ],
  "stopEventStages" : [ {
    "instanceName" : "Discard_StopEventStage",
    "library" : "streamsets-datacollector-basic-lib",
    "stageName" : "com_streamsets_pipeline_stage_destination_devnull_ToErrorNullDTarget",
    "stageVersion" : "1",
    "configuration" : [ ],
    "uiInfo" : {
      "description" : "",
      "yPos" : 50,
      "label" : "Stop Event - Discard",
      "xPos" : 280,
      "stageType" : "TARGET"
    },
    "inputLanes" : [ ],
    "outputLanes" : [ ],
    "eventLanes" : [ ],
    "services" : [ ]
  } ],
  "testOriginStage" : {
    "instanceName" : "com_streamsets_pipeline_stage_devtest_rawdata_RawDataDSource_TestOriginStage",
    "library" : "streamsets-datacollector-dev-lib",
    "stageName" : "com_streamsets_pipeline_stage_devtest_rawdata_RawDataDSource",
    "stageVersion" : "3",
    "configuration" : [ {
      "name" : "rawData",
      "value" : "{\n  \"f1\": \"abc\",\n  \"f2\": \"xyz\",\n  \"f3\": \"lmn\"\n}"
    }, {
      "name" : "stopAfterFirstBatch",
      "value" : false
    }, {
      "name" : "eventData",
      "value" : null
    }, {
      "name" : "stageOnRecordError",
      "value" : "TO_ERROR"
    } ],
    "uiInfo" : {
      "stageType" : "SOURCE",
      "label" : "Test Origin - Dev Raw Data Source"
    },
    "inputLanes" : [ ],
    "outputLanes" : [ "com_streamsets_pipeline_stage_devtest_rawdata_RawDataDSource_TestOriginStageOutputLane1" ],
    "eventLanes" : [ ],
    "services" : [ {
      "service" : "com.streamsets.pipeline.api.service.dataformats.DataFormatParserService",
      "serviceVersion" : 3,
      "configuration" : [ {
        "name" : "displayFormats",
        "value" : "DELIMITED,JSON,LOG,SDC_JSON,TEXT,XML"
      }, {
        "name" : "dataFormat",
        "value" : "JSON"
      }, {
        "name" : "dataFormatConfig.compression",
        "value" : "NONE"
      }, {
        "name" : "dataFormatConfig.filePatternInArchive",
        "value" : "*"
      }, {
        "name" : "dataFormatConfig.charset",
        "value" : "UTF-8"
      }, {
        "name" : "dataFormatConfig.removeCtrlChars",
        "value" : false
      }, {
        "name" : "dataFormatConfig.textMaxLineLen",
        "value" : 1024
      }, {
        "name" : "dataFormatConfig.useCustomDelimiter",
        "value" : false
      }, {
        "name" : "dataFormatConfig.customDelimiter",
        "value" : "\\r\\n"
      }, {
        "name" : "dataFormatConfig.includeCustomDelimiterInTheText",
        "value" : false
      }, {
        "name" : "dataFormatConfig.jsonContent",
        "value" : "MULTIPLE_OBJECTS"
      }, {
        "name" : "dataFormatConfig.jsonMaxObjectLen",
        "value" : 4096
      }, {
        "name" : "dataFormatConfig.csvFileFormat",
        "value" : "CSV"
      }, {
        "name" : "dataFormatConfig.csvHeader",
        "value" : "NO_HEADER"
      }, {
        "name" : "dataFormatConfig.csvAllowExtraColumns",
        "value" : false
      }, {
        "name" : "dataFormatConfig.csvExtraColumnPrefix",
        "value" : "_extra_"
      }, {
        "name" : "dataFormatConfig.csvMaxObjectLen",
        "value" : 1024
      }, {
        "name" : "dataFormatConfig.csvCustomDelimiter",
        "value" : "|"
      }, {
        "name" : "dataFormatConfig.multiCharacterFieldDelimiter",
        "value" : "||"
      }, {
        "name" : "dataFormatConfig.multiCharacterLineDelimiter",
        "value" : "${str:unescapeJava('\\\\n')}"
      }, {
        "name" : "dataFormatConfig.csvCustomEscape",
        "value" : "\\"
      }, {
        "name" : "dataFormatConfig.csvCustomQuote",
        "value" : "\""
      }, {
        "name" : "dataFormatConfig.csvEnableComments",
        "value" : false
      }, {
        "name" : "dataFormatConfig.csvCommentMarker",
        "value" : "#"
      }, {
        "name" : "dataFormatConfig.csvIgnoreEmptyLines",
        "value" : false
      }, {
        "name" : "dataFormatConfig.csvRecordType",
        "value" : "LIST_MAP"
      }, {
        "name" : "dataFormatConfig.csvSkipStartLines",
        "value" : 0
      }, {
        "name" : "dataFormatConfig.parseNull",
        "value" : false
      }, {
        "name" : "dataFormatConfig.nullConstant",
        "value" : "\\\\N"
      }, {
        "name" : "dataFormatConfig.xmlRecordElement",
        "value" : null
      }, {
        "name" : "dataFormatConfig.includeFieldXpathAttributes",
        "value" : false
      }, {
        "name" : "dataFormatConfig.xPathNamespaceContext",
        "value" : [ ]
      }, {
        "name" : "dataFormatConfig.outputFieldAttributes",
        "value" : false
      }, {
        "name" : "dataFormatConfig.xmlMaxObjectLen",
        "value" : 4096
      }, {
        "name" : "dataFormatConfig.logMode",
        "value" : "COMMON_LOG_FORMAT"
      }, {
        "name" : "dataFormatConfig.logMaxObjectLen",
        "value" : 1024
      }, {
        "name" : "dataFormatConfig.retainOriginalLine",
        "value" : false
      }, {
        "name" : "dataFormatConfig.customLogFormat",
        "value" : "%h %l %u %t \"%r\" %>s %b"
      }, {
        "name" : "dataFormatConfig.regex",
        "value" : "^(\\S+) (\\S+) (\\S+) \\[([\\w:/]+\\s[+\\-]\\d{4})\\] \"(\\S+) (\\S+) (\\S+)\" (\\d{3}) (\\d+)"
      }, {
        "name" : "dataFormatConfig.fieldPathsToGroupName",
        "value" : [ {
          "fieldPath" : "/",
          "group" : 1
        } ]
      }, {
        "name" : "dataFormatConfig.grokPatternDefinition",
        "value" : null
      }, {
        "name" : "dataFormatConfig.grokPattern",
        "value" : "%{COMMONAPACHELOG}"
      }, {
        "name" : "dataFormatConfig.onParseError",
        "value" : "ERROR"
      }, {
        "name" : "dataFormatConfig.maxStackTraceLines",
        "value" : 50
      }, {
        "name" : "dataFormatConfig.enableLog4jCustomLogFormat",
        "value" : false
      }, {
        "name" : "dataFormatConfig.log4jCustomLogFormat",
        "value" : "%r [%t] %-5p %c %x - %m%n"
      }, {
        "name" : "dataFormatConfig.avroSchemaSource",
        "value" : null
      }, {
        "name" : "dataFormatConfig.avroSchema",
        "value" : null
      }, {
        "name" : "dataFormatConfig.schemaRegistryUrls",
        "value" : [ ]
      }, {
        "name" : "dataFormatConfig.schemaLookupMode",
        "value" : "SUBJECT"
      }, {
        "name" : "dataFormatConfig.subject",
        "value" : null
      }, {
        "name" : "dataFormatConfig.schemaId",
        "value" : null
      }, {
        "name" : "dataFormatConfig.protoDescriptorFile",
        "value" : null
      }, {
        "name" : "dataFormatConfig.messageType",
        "value" : null
      }, {
        "name" : "dataFormatConfig.isDelimited",
        "value" : false
      }, {
        "name" : "dataFormatConfig.binaryMaxObjectLen",
        "value" : 1024
      }, {
        "name" : "dataFormatConfig.datagramMode",
        "value" : "SYSLOG"
      }, {
        "name" : "dataFormatConfig.typesDbPath",
        "value" : null
      }, {
        "name" : "dataFormatConfig.convertTime",
        "value" : false
      }, {
        "name" : "dataFormatConfig.excludeInterval",
        "value" : false
      }, {
        "name" : "dataFormatConfig.authFilePath",
        "value" : null
      }, {
        "name" : "dataFormatConfig.netflowOutputValuesMode",
        "value" : "RAW_AND_INTERPRETED"
      }, {
        "name" : "dataFormatConfig.maxTemplateCacheSize",
        "value" : -1
      }, {
        "name" : "dataFormatConfig.templateCacheTimeoutMs",
        "value" : -1
      }, {
        "name" : "dataFormatConfig.netflowOutputValuesModeDatagram",
        "value" : "RAW_AND_INTERPRETED"
      }, {
        "name" : "dataFormatConfig.maxTemplateCacheSizeDatagram",
        "value" : -1
      }, {
        "name" : "dataFormatConfig.templateCacheTimeoutMsDatagram",
        "value" : -1
      }, {
        "name" : "dataFormatConfig.wholeFileMaxObjectLen",
        "value" : 8192
      }, {
        "name" : "dataFormatConfig.rateLimit",
        "value" : "-1"
      }, {
        "name" : "dataFormatConfig.verifyChecksum",
        "value" : false
      }, {
        "name" : "dataFormatConfig.excelHeader",
        "value" : null
      }, {
        "name" : "dataFormatConfig.excelSkipCellsWithNoHeader",
        "value" : false
      }, {
        "name" : "dataFormatConfig.excelReadAllSheets",
        "value" : false
      }, {
        "name" : "dataFormatConfig.excelSheetNames",
        "value" : [ ]
      }, {
        "name" : "dataFormatConfig.preserveRootElement",
        "value" : false
      }, {
        "name" : "dataFormatConfig.basicAuth",
        "value" : null
      }, {
        "name" : "dataFormatConfig.avroSkipUnionIndex",
        "value" : false
      }, {
        "name" : "dataFormatConfig.csvParser",
        "value" : "LEGACY_PARSER"
      }, {
        "name" : "dataFormatConfig.csvUnivocityFieldSeparator",
        "value" : ","
      }, {
        "name" : "dataFormatConfig.csvUnivocityLineSeparator",
        "value" : "${str:unescapeJava('\\\\n')}"
      }, {
        "name" : "dataFormatConfig.csvUnivocityEscape",
        "value" : "\\"
      }, {
        "name" : "dataFormatConfig.csvUnivocityQuote",
        "value" : "\""
      }, {
        "name" : "dataFormatConfig.csvUnivocityMaxColumns",
        "value" : 1000
      }, {
        "name" : "dataFormatConfig.csvUnivocityMaxCharsPerColumn",
        "value" : 1000
      }, {
        "name" : "dataFormatConfig.csvUnivocitySkipEmptyLines",
        "value" : true
      }, {
        "name" : "dataFormatConfig.csvUnivocityAllowComments",
        "value" : false
      }, {
        "name" : "dataFormatConfig.csvUnivocityCommentMarker",
        "value" : "#"
      } ]
    } ]
  },
  "valid" : true,
  "issues" : {
    "pipelineIssues" : [ ],
    "stageIssues" : { },
    "issueCount" : 0
  },
  "previewable" : true
}