{
  ":pipeline:" : {
    "displayMode" : "ADVANCED",
    "previewConfig" : {
      "executeLifecycleEvents" : true,
      "previewSource" : "CONFIGURED_SOURCE",
      "showHeader" : true,
      "showFieldType" : true,
      "rememberMe" : false,
      "batchSize" : "1000",
      "writeToDestinations" : true,
      "timeout" : 30000
    }
  },
  "Directory_01" : {
    "yPos" : 50,
    "stageType" : "SOURCE",
    "rawSource" : {
      "configuration" : [ {
        "name" : "fileName"
      } ]
    },
    "description" : "",
    "label" : "Directory 1",
    "xPos" : 60,
    "displayMode" : "BASIC"
  },
  "StreamSelector_01" : {
    "yPos" : 114.76849365234375,
    "stageType" : "PROCESSOR",
    "description" : "",
    "label" : "Stream Selector 1",
    "xPos" : 269.26849365234375,
    "displayMode" : "BASIC"
  },
  "ExpressionEvaluator_01" : {
    "description" : "",
    "yPos" : 40,
    "label" : "Expression Evaluator 1",
    "xPos" : 500,
    "stageType" : "PROCESSOR"
  },
  "JSONParser_01" : {
    "yPos" : 170,
    "stageType" : "PROCESSOR",
    "description" : "",
    "label" : "JSON Parser 1",
    "xPos" : 500,
    "displayMode" : "BASIC"
  },
  "JSONParser_02" : {
    "description" : "",
    "yPos" : 40,
    "label" : "JSON Parser 2",
    "xPos" : 720,
    "stageType" : "PROCESSOR"
  },
  "FieldRemover_01" : {
    "yPos" : 170,
    "stageType" : "PROCESSOR",
    "description" : "",
    "label" : "Field Remover 1",
    "xPos" : 720,
    "displayMode" : "BASIC"
  },
  "FieldRemover_02" : {
    "description" : "",
    "yPos" : 40,
    "label" : "Field Remover 2",
    "xPos" : 940,
    "stageType" : "PROCESSOR"
  },
  "ExpressionEvaluator_03" : {
    "yPos" : 170,
    "stageType" : "PROCESSOR",
    "description" : "",
    "label" : "Expression Evaluator 3",
    "xPos" : 946.4431762695312,
    "displayMode" : "BASIC"
  },
  "FieldRemover_03" : {
    "yPos" : 172.38478088378906,
    "stageType" : "PROCESSOR",
    "description" : "",
    "label" : "Field Remover 3",
    "xPos" : 1162.384765625,
    "displayMode" : "BASIC"
  },
  "StreamSelector_02" : {
    "yPos" : 166.32659912109375,
    "stageType" : "PROCESSOR",
    "description" : "",
    "label" : "Log node type filter",
    "xPos" : 1387.25048828125,
    "displayMode" : "BASIC"
  },
  "Trash_03" : {
    "description" : "",
    "yPos" : 365.1205139160156,
    "label" : "Trash 3",
    "xPos" : 1647.6954345703125,
    "stageType" : "TARGET"
  },
  "StreamSelector_04" : {
    "description" : "",
    "yPos" : 40,
    "label" : "Stream Selector 2",
    "xPos" : 1160,
    "stageType" : "PROCESSOR"
  },
  "FieldPivoter_01" : {
    "description" : "",
    "yPos" : 46.28630828857422,
    "label" : "Field Pivoter 1",
    "xPos" : 1387.689208984375,
    "stageType" : "PROCESSOR"
  },
  "ExpressionEvaluator_02" : {
    "description" : "",
    "yPos" : 40.763038635253906,
    "label" : "Expression Evaluator 2",
    "xPos" : 1604.33203125,
    "stageType" : "PROCESSOR"
  },
  "Trash_04" : {
    "description" : "",
    "yPos" : -77.21576309204102,
    "label" : "Trash 2",
    "xPos" : 1389.746826171875,
    "stageType" : "TARGET"
  },
  "FieldRemover_04" : {
    "description" : "",
    "yPos" : 41.846031188964844,
    "label" : "Field Remover 4",
    "xPos" : 2036.1756591796875,
    "stageType" : "PROCESSOR"
  },
  "StreamSelector_03" : {
    "yPos" : 41.954368591308594,
    "stageType" : "PROCESSOR",
    "description" : "",
    "label" : "Domain filter",
    "xPos" : 2257.07568359375,
    "displayMode" : "BASIC"
  },
  "Trash_02" : {
    "description" : "",
    "yPos" : -109.91700029373169,
    "label" : "Sync - Health status",
    "xPos" : 2465.921142578125,
    "stageType" : "TARGET"
  },
  "FieldTypeConverter_01" : {
    "description" : "",
    "yPos" : 65.5684814453125,
    "label" : "Field Type Converter 1",
    "xPos" : 2480.000244140625,
    "stageType" : "PROCESSOR"
  },
  "OnesaitPlatformDestination_01" : {
    "yPos" : 73.04104614257812,
    "stageType" : "TARGET",
    "description" : "",
    "label" : "OnesaitPlatform Destination 1",
    "xPos" : 2703.657958984375,
    "displayMode" : "BASIC"
  },
  "FieldMapper_01" : {
    "yPos" : 178.86358642578125,
    "stageType" : "PROCESSOR",
    "icon" : "iconfinder_thefreeforty_map_1243687.png",
    "description" : "",
    "label" : "Field Mapper 1",
    "xPos" : 1614.966064453125,
    "displayMode" : "BASIC"
  },
  "StreamSelector_05" : {
    "yPos" : 205.92494201660156,
    "stageType" : "PROCESSOR",
    "icon" : "laneSelector.png",
    "description" : "",
    "label" : "Stream Selector 3",
    "xPos" : 1831.10009765625,
    "displayMode" : "BASIC"
  },
  "ExpressionEvaluator_04" : {
    "yPos" : 305.4066996895144,
    "stageType" : "PROCESSOR",
    "icon" : "expression.png",
    "description" : "",
    "label" : "Expression Evaluator 4",
    "xPos" : 2034.5634732780968,
    "displayMode" : "BASIC"
  },
  "OnesaitPlatformDestination_02" : {
    "yPos" : 204.1409149169922,
    "stageType" : "TARGET",
    "description" : "",
    "label" : "OnesaitPlatform Destination 2",
    "xPos" : 2277.58544921875,
    "displayMode" : "BASIC"
  }
}