{
  "pipelineId" : "client1Ins63d4d390-fb25-4dea-b7e6-0d5cdb4f420a",
  "rev" : "0",
  "user" : "user1",
  "status" : "STOPPED",
  "message" : "The pipeline was stopped. ",
  "timeStamp" : 1688629967103,
  "attributes" : {
    "IS_REMOTE_PIPELINE" : false,
    "RUNTIME_PARAMETERS" : null,
    "INTERCEPTOR_CONFIGS" : [ ]
  },
  "executionMode" : "STANDALONE",
  "metrics" : "{\n  \"version\" : \"4.0.0\",\n  \"gauges\" : {\n    \"RuntimeStatsGauge.gauge\" : {\n      \"value\" : {\n        \"batchCount\" : 1,\n        \"idleBatchCount\" : 180,\n        \"timeOfLastReceivedRecord\" : 1688629824161,\n        \"lastBatchInputRecordsCount\" : 0,\n        \"lastBatchOutputRecordsCount\" : 0,\n        \"lastBatchErrorRecordsCount\" : 0,\n        \"lastBatchErrorMessagesCount\" : 0,\n        \"totalRunners\" : 10,\n        \"availableRunners\" : 10,\n        \"currentStages\" : [ ]\n      }\n    },\n    \"health.DataObserverRunnable.gauge\" : {\n      \"value\" : {\n        \"threadName\" : \"DataObserverRunnable\",\n        \"scheduledDelay\" : -1,\n        \"timestamp\" : 1688629966172\n      }\n    },\n    \"health.MetricObserverRunnable.gauge\" : {\n      \"value\" : {\n        \"threadName\" : \"MetricObserverRunnable\",\n        \"scheduledDelay\" : 1,\n        \"timestamp\" : 1688629966708\n      }\n    },\n    \"health.MetricsEventRunnable.gauge\" : {\n      \"value\" : {\n        \"threadName\" : \"MetricsEventRunnable\",\n        \"scheduledDelay\" : 10000,\n        \"timestamp\" : 1688629959505\n      }\n    },\n    \"health.ProductionPipelineRunnable.gauge\" : {\n      \"value\" : null\n    },\n    \"health.RulesConfigLoaderRunnable.gauge\" : {\n      \"value\" : {\n        \"threadName\" : \"RulesConfigLoaderRunnable\",\n        \"scheduledDelay\" : 2,\n        \"timestamp\" : 1688629966708\n      }\n    },\n    \"jvm.buffers.direct.capacity\" : {\n      \"value\" : 990693\n    },\n    \"jvm.buffers.direct.count\" : {\n      \"value\" : 132\n    },\n    \"jvm.buffers.direct.used\" : {\n      \"value\" : 990693\n    },\n    \"jvm.buffers.mapped.capacity\" : {\n      \"value\" : 0\n    },\n    \"jvm.buffers.mapped.count\" : {\n      \"value\" : 0\n    },\n    \"jvm.buffers.mapped.used\" : {\n      \"value\" : 0\n    },\n    \"jvm.files\" : {\n      \"value\" : 8.211135864257812E-4\n    },\n    \"jvm.garbage.ConcurrentMarkSweep.count\" : {\n      \"value\" : 3\n    },\n    \"jvm.garbage.ConcurrentMarkSweep.time\" : {\n      \"value\" : 141\n    },\n    \"jvm.garbage.ParNew.count\" : {\n      \"value\" : 102\n    },\n    \"jvm.garbage.ParNew.time\" : {\n      \"value\" : 3003\n    },\n    \"jvm.memory.heap.committed\" : {\n      \"value\" : 1065025536\n    },\n    \"jvm.memory.heap.init\" : {\n      \"value\" : 1073741824\n    },\n    \"jvm.memory.heap.max\" : {\n      \"value\" : 2138767360\n    },\n    \"jvm.memory.heap.usage\" : {\n      \"value\" : 0.07851668355365214\n    },\n    \"jvm.memory.heap.used\" : {\n      \"value\" : 167928920\n    },\n    \"jvm.memory.non-heap.committed\" : {\n      \"value\" : 159514624\n    },\n    \"jvm.memory.non-heap.init\" : {\n      \"value\" : 2555904\n    },\n    \"jvm.memory.non-heap.max\" : {\n      \"value\" : -1\n    },\n    \"jvm.memory.non-heap.usage\" : {\n      \"value\" : -1.5199496E8\n    },\n    \"jvm.memory.non-heap.used\" : {\n      \"value\" : 151994960\n    },\n    \"jvm.memory.pools.CMS-Old-Gen.committed\" : {\n      \"value\" : 986513408\n    },\n    \"jvm.memory.pools.CMS-Old-Gen.init\" : {\n      \"value\" : 986513408\n    },\n    \"jvm.memory.pools.CMS-Old-Gen.max\" : {\n      \"value\" : 2060255232\n    },\n    \"jvm.memory.pools.CMS-Old-Gen.usage\" : {\n      \"value\" : 0.0715206338085397\n    },\n    \"jvm.memory.pools.CMS-Old-Gen.used\" : {\n      \"value\" : 147350760\n    },\n    \"jvm.memory.pools.CMS-Old-Gen.used-after-gc\" : {\n      \"value\" : 58101608\n    },\n    \"jvm.memory.pools.Code-Cache.committed\" : {\n      \"value\" : 44498944\n    },\n    \"jvm.memory.pools.Code-Cache.init\" : {\n      \"value\" : 2555904\n    },\n    \"jvm.memory.pools.Code-Cache.max\" : {\n      \"value\" : 251658240\n    },\n    \"jvm.memory.pools.Code-Cache.usage\" : {\n      \"value\" : 0.17330373128255208\n    },\n    \"jvm.memory.pools.Code-Cache.used\" : {\n      \"value\" : 43613312\n    },\n    \"jvm.memory.pools.Compressed-Class-Space.committed\" : {\n      \"value\" : 13467648\n    },\n    \"jvm.memory.pools.Compressed-Class-Space.init\" : {\n      \"value\" : 0\n    },\n    \"jvm.memory.pools.Compressed-Class-Space.max\" : {\n      \"value\" : 1073741824\n    },\n    \"jvm.memory.pools.Compressed-Class-Space.usage\" : {\n      \"value\" : 0.011291392147541046\n    },\n    \"jvm.memory.pools.Compressed-Class-Space.used\" : {\n      \"value\" : 12124040\n    },\n    \"jvm.memory.pools.Metaspace.committed\" : {\n      \"value\" : 101548032\n    },\n    \"jvm.memory.pools.Metaspace.init\" : {\n      \"value\" : 0\n    },\n    \"jvm.memory.pools.Metaspace.max\" : {\n      \"value\" : -1\n    },\n    \"jvm.memory.pools.Metaspace.usage\" : {\n      \"value\" : 0.9479022498436995\n    },\n    \"jvm.memory.pools.Metaspace.used\" : {\n      \"value\" : 96257608\n    },\n    \"jvm.memory.pools.Par-Eden-Space.committed\" : {\n      \"value\" : 69795840\n    },\n    \"jvm.memory.pools.Par-Eden-Space.init\" : {\n      \"value\" : 69795840\n    },\n    \"jvm.memory.pools.Par-Eden-Space.max\" : {\n      \"value\" : 69795840\n    },\n    \"jvm.memory.pools.Par-Eden-Space.usage\" : {\n      \"value\" : 0.18266360860475353\n    },\n    \"jvm.memory.pools.Par-Eden-Space.used\" : {\n      \"value\" : 12749160\n    },\n    \"jvm.memory.pools.Par-Eden-Space.used-after-gc\" : {\n      \"value\" : 0\n    },\n    \"jvm.memory.pools.Par-Survivor-Space.committed\" : {\n      \"value\" : 8716288\n    },\n    \"jvm.memory.pools.Par-Survivor-Space.init\" : {\n      \"value\" : 8716288\n    },\n    \"jvm.memory.pools.Par-Survivor-Space.max\" : {\n      \"value\" : 8716288\n    },\n    \"jvm.memory.pools.Par-Survivor-Space.usage\" : {\n      \"value\" : 0.8982034554158834\n    },\n    \"jvm.memory.pools.Par-Survivor-Space.used\" : {\n      \"value\" : 7829000\n    },\n    \"jvm.memory.pools.Par-Survivor-Space.used-after-gc\" : {\n      \"value\" : 7829000\n    },\n    \"jvm.memory.total.committed\" : {\n      \"value\" : 1224540160\n    },\n    \"jvm.memory.total.init\" : {\n      \"value\" : 1076297728\n    },\n    \"jvm.memory.total.max\" : {\n      \"value\" : 2138767359\n    },\n    \"jvm.memory.total.used\" : {\n      \"value\" : 319942648\n    },\n    \"jvm.threads.blocked.count\" : {\n      \"value\" : 0\n    },\n    \"jvm.threads.count\" : {\n      \"value\" : 202\n    },\n    \"jvm.threads.daemon.count\" : {\n      \"value\" : 196\n    },\n    \"jvm.threads.deadlock.count\" : {\n      \"value\" : 0\n    },\n    \"jvm.threads.deadlocks\" : {\n      \"value\" : [ ]\n    },\n    \"jvm.threads.new.count\" : {\n      \"value\" : 0\n    },\n    \"jvm.threads.runnable.count\" : {\n      \"value\" : 6\n    },\n    \"jvm.threads.terminated.count\" : {\n      \"value\" : 0\n    },\n    \"jvm.threads.timed_waiting.count\" : {\n      \"value\" : 60\n    },\n    \"jvm.threads.waiting.count\" : {\n      \"value\" : 136\n    },\n    \"runner.0.gauge\" : {\n      \"value\" : {\n        \"currentStage\" : \"IDLE\",\n        \"stageStartTime\" : 1688629967087,\n        \"offsetValue\" : \"\",\n        \"state\" : \"\",\n        \"batchCount\" : 20,\n        \"offsetKey\" : \"\",\n        \"batchStartTime\" : 0\n      }\n    },\n    \"runner.1.gauge\" : {\n      \"value\" : {\n        \"currentStage\" : \"IDLE\",\n        \"stageStartTime\" : 1688629967083,\n        \"offsetValue\" : \"\",\n        \"state\" : \"\",\n        \"batchCount\" : 19,\n        \"offsetKey\" : \"\",\n        \"batchStartTime\" : 0\n      }\n    },\n    \"runner.2.gauge\" : {\n      \"value\" : {\n        \"currentStage\" : \"IDLE\",\n        \"stageStartTime\" : 1688629967078,\n        \"offsetValue\" : \"\",\n        \"state\" : \"\",\n        \"batchCount\" : 19,\n        \"offsetKey\" : \"\",\n        \"batchStartTime\" : 0\n      }\n    },\n    \"runner.3.gauge\" : {\n      \"value\" : {\n        \"currentStage\" : \"IDLE\",\n        \"stageStartTime\" : 1688629967073,\n        \"offsetValue\" : \"\",\n        \"state\" : \"\",\n        \"batchCount\" : 19,\n        \"offsetKey\" : \"\",\n        \"batchStartTime\" : 0\n      }\n    },\n    \"runner.4.gauge\" : {\n      \"value\" : {\n        \"currentStage\" : \"IDLE\",\n        \"stageStartTime\" : 1688629967068,\n        \"offsetValue\" : \"\",\n        \"state\" : \"\",\n        \"batchCount\" : 19,\n        \"offsetKey\" : \"\",\n        \"batchStartTime\" : 0\n      }\n    },\n    \"runner.5.gauge\" : {\n      \"value\" : {\n        \"currentStage\" : \"IDLE\",\n        \"stageStartTime\" : 1688629967054,\n        \"offsetValue\" : \"\",\n        \"state\" : \"\",\n        \"batchCount\" : 19,\n        \"offsetKey\" : \"\",\n        \"batchStartTime\" : 0\n      }\n    },\n    \"runner.6.gauge\" : {\n      \"value\" : {\n        \"currentStage\" : \"IDLE\",\n        \"stageStartTime\" : 1688629967046,\n        \"offsetValue\" : \"\",\n        \"state\" : \"\",\n        \"batchCount\" : 19,\n        \"offsetKey\" : \"\",\n        \"batchStartTime\" : 0\n      }\n    },\n    \"runner.7.gauge\" : {\n      \"value\" : {\n        \"currentStage\" : \"IDLE\",\n        \"stageStartTime\" : 1688629967040,\n        \"offsetValue\" : \"\",\n        \"state\" : \"\",\n        \"batchCount\" : 19,\n        \"offsetKey\" : \"\",\n        \"batchStartTime\" : 0\n      }\n    },\n    \"runner.8.gauge\" : {\n      \"value\" : {\n        \"currentStage\" : \"IDLE\",\n        \"stageStartTime\" : 1688629966976,\n        \"offsetValue\" : \"\",\n        \"state\" : \"\",\n        \"batchCount\" : 19,\n        \"offsetKey\" : \"\",\n        \"batchStartTime\" : 0\n      }\n    },\n    \"runner.9.gauge\" : {\n      \"value\" : {\n        \"currentStage\" : \"IDLE\",\n        \"stageStartTime\" : 1688629966944,\n        \"offsetValue\" : \"\",\n        \"state\" : \"\",\n        \"batchCount\" : 19,\n        \"offsetKey\" : \"\",\n        \"batchStartTime\" : 0\n      }\n    }\n  },\n  \"counters\" : {\n    \"pipeline.batchCount.counter\" : {\n      \"count\" : 181\n    },\n    \"pipeline.batchErrorMessages.counter\" : {\n      \"count\" : 0\n    },\n    \"pipeline.batchErrorRecords.counter\" : {\n      \"count\" : 0\n    },\n    \"pipeline.batchInputRecords.counter\" : {\n      \"count\" : 1\n    },\n    \"pipeline.batchOutputRecords.counter\" : {\n      \"count\" : 1\n    },\n    \"stage.HTTPServer_01.errorRecords.counter\" : {\n      \"count\" : 0\n    },\n    \"stage.HTTPServer_01.inputRecords.counter\" : {\n      \"count\" : 0\n    },\n    \"stage.HTTPServer_01.outputRecords.counter\" : {\n      \"count\" : 1\n    },\n    \"stage.HTTPServer_01.stageErrors.counter\" : {\n      \"count\" : 0\n    },\n    \"stage.HTTPServer_01:HTTPServer_01OutputLane16762843737040.outputRecords.counter\" : {\n      \"count\" : 1\n    },\n    \"stage.JavaScriptEvaluator_01.errorRecords.counter\" : {\n      \"count\" : 0\n    },\n    \"stage.JavaScriptEvaluator_01.inputRecords.counter\" : {\n      \"count\" : 1\n    },\n    \"stage.JavaScriptEvaluator_01.outputRecords.counter\" : {\n      \"count\" : 1\n    },\n    \"stage.JavaScriptEvaluator_01.stageErrors.counter\" : {\n      \"count\" : 0\n    },\n    \"stage.JavaScriptEvaluator_01:JavaScriptEvaluator_01OutputLane16762844585990.outputRecords.counter\" : {\n      \"count\" : 1\n    },\n    \"stage.OnesaitPlatformDestination_01.errorRecords.counter\" : {\n      \"count\" : 0\n    },\n    \"stage.OnesaitPlatformDestination_01.inputRecords.counter\" : {\n      \"count\" : 1\n    },\n    \"stage.OnesaitPlatformDestination_01.outputRecords.counter\" : {\n      \"count\" : 1\n    },\n    \"stage.OnesaitPlatformDestination_01.stageErrors.counter\" : {\n      \"count\" : 0\n    }\n  },\n  \"histograms\" : {\n    \"pipeline.errorRecordsPerBatch.histogramM5\" : {\n      \"count\" : 181,\n      \"max\" : 0,\n      \"mean\" : 0.0,\n      \"min\" : 0,\n      \"p50\" : 0.0,\n      \"p75\" : 0.0,\n      \"p95\" : 0.0,\n      \"p98\" : 0.0,\n      \"p99\" : 0.0,\n      \"p999\" : 0.0,\n      \"stddev\" : 0.0\n    },\n    \"pipeline.errorsPerBatch.histogramM5\" : {\n      \"count\" : 181,\n      \"max\" : 0,\n      \"mean\" : 0.0,\n      \"min\" : 0,\n      \"p50\" : 0.0,\n      \"p75\" : 0.0,\n      \"p95\" : 0.0,\n      \"p98\" : 0.0,\n      \"p99\" : 0.0,\n      \"p999\" : 0.0,\n      \"stddev\" : 0.0\n    },\n    \"pipeline.inputRecordsPerBatch.histogramM5\" : {\n      \"count\" : 181,\n      \"max\" : 1,\n      \"mean\" : 0.011326488152283935,\n      \"min\" : 0,\n      \"p50\" : 0.0,\n      \"p75\" : 0.0,\n      \"p95\" : 0.0,\n      \"p98\" : 0.0,\n      \"p99\" : 1.0,\n      \"p999\" : 1.0,\n      \"stddev\" : 0.10582154231733776\n    },\n    \"pipeline.outputRecordsPerBatch.histogramM5\" : {\n      \"count\" : 181,\n      \"max\" : 1,\n      \"mean\" : 0.011326488152283938,\n      \"min\" : 0,\n      \"p50\" : 0.0,\n      \"p75\" : 0.0,\n      \"p95\" : 0.0,\n      \"p98\" : 0.0,\n      \"p99\" : 1.0,\n      \"p999\" : 1.0,\n      \"stddev\" : 0.10582154231733777\n    },\n    \"pipeline.runners.histogramM5\" : {\n      \"count\" : 182,\n      \"max\" : 10,\n      \"mean\" : 9.988800364387789,\n      \"min\" : 9,\n      \"p50\" : 10.0,\n      \"p75\" : 10.0,\n      \"p95\" : 10.0,\n      \"p98\" : 10.0,\n      \"p99\" : 10.0,\n      \"p999\" : 10.0,\n      \"stddev\" : 0.10523404284909887\n    },\n    \"stage.HTTPServer_01.errorRecords.histogramM5\" : {\n      \"count\" : 1,\n      \"max\" : 0,\n      \"mean\" : 0.0,\n      \"min\" : 0,\n      \"p50\" : 0.0,\n      \"p75\" : 0.0,\n      \"p95\" : 0.0,\n      \"p98\" : 0.0,\n      \"p99\" : 0.0,\n      \"p999\" : 0.0,\n      \"stddev\" : 0.0\n    },\n    \"stage.HTTPServer_01.inputRecords.histogramM5\" : {\n      \"count\" : 1,\n      \"max\" : 0,\n      \"mean\" : 0.0,\n      \"min\" : 0,\n      \"p50\" : 0.0,\n      \"p75\" : 0.0,\n      \"p95\" : 0.0,\n      \"p98\" : 0.0,\n      \"p99\" : 0.0,\n      \"p999\" : 0.0,\n      \"stddev\" : 0.0\n    },\n    \"stage.HTTPServer_01.outputRecords.histogramM5\" : {\n      \"count\" : 1,\n      \"max\" : 1,\n      \"mean\" : 1.0,\n      \"min\" : 1,\n      \"p50\" : 1.0,\n      \"p75\" : 1.0,\n      \"p95\" : 1.0,\n      \"p98\" : 1.0,\n      \"p99\" : 1.0,\n      \"p999\" : 1.0,\n      \"stddev\" : 0.0\n    },\n    \"stage.HTTPServer_01.stageErrors.histogramM5\" : {\n      \"count\" : 1,\n      \"max\" : 0,\n      \"mean\" : 0.0,\n      \"min\" : 0,\n      \"p50\" : 0.0,\n      \"p75\" : 0.0,\n      \"p95\" : 0.0,\n      \"p98\" : 0.0,\n      \"p99\" : 0.0,\n      \"p999\" : 0.0,\n      \"stddev\" : 0.0\n    },\n    \"stage.JavaScriptEvaluator_01.errorRecords.histogramM5\" : {\n      \"count\" : 181,\n      \"max\" : 0,\n      \"mean\" : 0.0,\n      \"min\" : 0,\n      \"p50\" : 0.0,\n      \"p75\" : 0.0,\n      \"p95\" : 0.0,\n      \"p98\" : 0.0,\n      \"p99\" : 0.0,\n      \"p999\" : 0.0,\n      \"stddev\" : 0.0\n    },\n    \"stage.JavaScriptEvaluator_01.inputRecords.histogramM5\" : {\n      \"count\" : 181,\n      \"max\" : 1,\n      \"mean\" : 0.01132713680987146,\n      \"min\" : 0,\n      \"p50\" : 0.0,\n      \"p75\" : 0.0,\n      \"p95\" : 0.0,\n      \"p98\" : 0.0,\n      \"p99\" : 1.0,\n      \"p999\" : 1.0,\n      \"stddev\" : 0.10582453771012616\n    },\n    \"stage.JavaScriptEvaluator_01.outputRecords.histogramM5\" : {\n      \"count\" : 181,\n      \"max\" : 1,\n      \"mean\" : 0.011327136809871456,\n      \"min\" : 0,\n      \"p50\" : 0.0,\n      \"p75\" : 0.0,\n      \"p95\" : 0.0,\n      \"p98\" : 0.0,\n      \"p99\" : 1.0,\n      \"p999\" : 1.0,\n      \"stddev\" : 0.10582453771012615\n    },\n    \"stage.JavaScriptEvaluator_01.stageErrors.histogramM5\" : {\n      \"count\" : 181,\n      \"max\" : 0,\n      \"mean\" : 0.0,\n      \"min\" : 0,\n      \"p50\" : 0.0,\n      \"p75\" : 0.0,\n      \"p95\" : 0.0,\n      \"p98\" : 0.0,\n      \"p99\" : 0.0,\n      \"p999\" : 0.0,\n      \"stddev\" : 0.0\n    },\n    \"stage.OnesaitPlatformDestination_01.errorRecords.histogramM5\" : {\n      \"count\" : 181,\n      \"max\" : 0,\n      \"mean\" : 0.0,\n      \"min\" : 0,\n      \"p50\" : 0.0,\n      \"p75\" : 0.0,\n      \"p95\" : 0.0,\n      \"p98\" : 0.0,\n      \"p99\" : 0.0,\n      \"p999\" : 0.0,\n      \"stddev\" : 0.0\n    },\n    \"stage.OnesaitPlatformDestination_01.inputRecords.histogramM5\" : {\n      \"count\" : 181,\n      \"max\" : 1,\n      \"mean\" : 0.01132648815228394,\n      \"min\" : 0,\n      \"p50\" : 0.0,\n      \"p75\" : 0.0,\n      \"p95\" : 0.0,\n      \"p98\" : 0.0,\n      \"p99\" : 1.0,\n      \"p999\" : 1.0,\n      \"stddev\" : 0.10582154231733779\n    },\n    \"stage.OnesaitPlatformDestination_01.outputRecords.histogramM5\" : {\n      \"count\" : 181,\n      \"max\" : 1,\n      \"mean\" : 0.011326488152283938,\n      \"min\" : 0,\n      \"p50\" : 0.0,\n      \"p75\" : 0.0,\n      \"p95\" : 0.0,\n      \"p98\" : 0.0,\n      \"p99\" : 1.0,\n      \"p999\" : 1.0,\n      \"stddev\" : 0.10582154231733777\n    },\n    \"stage.OnesaitPlatformDestination_01.stageErrors.histogramM5\" : {\n      \"count\" : 181,\n      \"max\" : 0,\n      \"mean\" : 0.0,\n      \"min\" : 0,\n      \"p50\" : 0.0,\n      \"p75\" : 0.0,\n      \"p95\" : 0.0,\n      \"p98\" : 0.0,\n      \"p99\" : 0.0,\n      \"p999\" : 0.0,\n      \"stddev\" : 0.0\n    }\n  },\n  \"meters\" : {\n    \"custom.HTTPServer_01.errorRequests.0.meter\" : {\n      \"count\" : 0,\n      \"m1_rate\" : 0.0,\n      \"m5_rate\" : 0.0,\n      \"m15_rate\" : 0.0,\n      \"m30_rate\" : 0.0,\n      \"h1_rate\" : 0.0,\n      \"h6_rate\" : 0.0,\n      \"h12_rate\" : 0.0,\n      \"h24_rate\" : 0.0,\n      \"mean_rate\" : 0.0,\n      \"units\" : \"events/second\"\n    },\n    \"custom.HTTPServer_01.invalidRequests.0.meter\" : {\n      \"count\" : 0,\n      \"m1_rate\" : 0.0,\n      \"m5_rate\" : 0.0,\n      \"m15_rate\" : 0.0,\n      \"m30_rate\" : 0.0,\n      \"h1_rate\" : 0.0,\n      \"h6_rate\" : 0.0,\n      \"h12_rate\" : 0.0,\n      \"h24_rate\" : 0.0,\n      \"mean_rate\" : 0.0,\n      \"units\" : \"events/second\"\n    },\n    \"custom.HTTPServer_01.requests.0.meter\" : {\n      \"count\" : 1,\n      \"m1_rate\" : 0.0015506900910289933,\n      \"m5_rate\" : 0.0020729741807790705,\n      \"m15_rate\" : 9.484070116640398E-4,\n      \"m30_rate\" : 5.132701264752544E-4,\n      \"h1_rate\" : 2.6699720243190863E-4,\n      \"h6_rate\" : 4.599187471710744E-5,\n      \"h12_rate\" : 2.3071917219589993E-5,\n      \"h24_rate\" : 1.155500062430306E-5,\n      \"mean_rate\" : 8.868483714519498E-4,\n      \"units\" : \"events/second\"\n    },\n    \"pipeline.batchCount.meter\" : {\n      \"count\" : 181,\n      \"m1_rate\" : 0.1603716663647997,\n      \"m5_rate\" : 0.16298445730831548,\n      \"m15_rate\" : 0.11712350491125777,\n      \"m30_rate\" : 0.07561692947712395,\n      \"h1_rate\" : 0.04343688973328072,\n      \"h6_rate\" : 0.008173573967098629,\n      \"h12_rate\" : 0.00413787219816271,\n      \"h24_rate\" : 0.0020818676619145386,\n      \"mean_rate\" : 0.16050660762212499,\n      \"units\" : \"events/second\"\n    },\n    \"pipeline.batchErrorMessages.meter\" : {\n      \"count\" : 0,\n      \"m1_rate\" : 0.0,\n      \"m5_rate\" : 0.0,\n      \"m15_rate\" : 0.0,\n      \"m30_rate\" : 0.0,\n      \"h1_rate\" : 0.0,\n      \"h6_rate\" : 0.0,\n      \"h12_rate\" : 0.0,\n      \"h24_rate\" : 0.0,\n      \"mean_rate\" : 0.0,\n      \"units\" : \"events/second\"\n    },\n    \"pipeline.batchErrorRecords.meter\" : {\n      \"count\" : 0,\n      \"m1_rate\" : 0.0,\n      \"m5_rate\" : 0.0,\n      \"m15_rate\" : 0.0,\n      \"m30_rate\" : 0.0,\n      \"h1_rate\" : 0.0,\n      \"h6_rate\" : 0.0,\n      \"h12_rate\" : 0.0,\n      \"h24_rate\" : 0.0,\n      \"mean_rate\" : 0.0,\n      \"units\" : \"events/second\"\n    },\n    \"pipeline.batchInputRecords.meter\" : {\n      \"count\" : 1,\n      \"m1_rate\" : 0.001685451339491856,\n      \"m5_rate\" : 0.0021078132697434325,\n      \"m15_rate\" : 9.536906025585155E-4,\n      \"m30_rate\" : 5.146978588701966E-4,\n      \"h1_rate\" : 2.673682895194445E-4,\n      \"h6_rate\" : 4.600252221670501E-5,\n      \"h12_rate\" : 2.307458773492003E-5,\n      \"h24_rate\" : 1.1555669335817923E-5,\n      \"mean_rate\" : 8.867773451877301E-4,\n      \"units\" : \"events/second\"\n    },\n    \"pipeline.batchOutputRecords.meter\" : {\n      \"count\" : 1,\n      \"m1_rate\" : 0.001685451339491856,\n      \"m5_rate\" : 0.0021078132697434325,\n      \"m15_rate\" : 9.536906025585155E-4,\n      \"m30_rate\" : 5.146978588701966E-4,\n      \"h1_rate\" : 2.673682895194445E-4,\n      \"h6_rate\" : 4.600252221670501E-5,\n      \"h12_rate\" : 2.307458773492003E-5,\n      \"h24_rate\" : 1.1555669335817923E-5,\n      \"mean_rate\" : 8.867774260946191E-4,\n      \"units\" : \"events/second\"\n    },\n    \"stage.HTTPServer_01.errorRecords.meter\" : {\n      \"count\" : 0,\n      \"m1_rate\" : 0.0,\n      \"m5_rate\" : 0.0,\n      \"m15_rate\" : 0.0,\n      \"m30_rate\" : 0.0,\n      \"h1_rate\" : 0.0,\n      \"h6_rate\" : 0.0,\n      \"h12_rate\" : 0.0,\n      \"h24_rate\" : 0.0,\n      \"mean_rate\" : 0.0,\n      \"units\" : \"events/second\"\n    },\n    \"stage.HTTPServer_01.inputRecords.meter\" : {\n      \"count\" : 0,\n      \"m1_rate\" : 0.0,\n      \"m5_rate\" : 0.0,\n      \"m15_rate\" : 0.0,\n      \"m30_rate\" : 0.0,\n      \"h1_rate\" : 0.0,\n      \"h6_rate\" : 0.0,\n      \"h12_rate\" : 0.0,\n      \"h24_rate\" : 0.0,\n      \"mean_rate\" : 0.0,\n      \"units\" : \"events/second\"\n    },\n    \"stage.HTTPServer_01.outputRecords.meter\" : {\n      \"count\" : 1,\n      \"m1_rate\" : 0.0015506900910289933,\n      \"m5_rate\" : 0.0020729741807790705,\n      \"m15_rate\" : 9.484070116640398E-4,\n      \"m30_rate\" : 5.132701264752544E-4,\n      \"h1_rate\" : 2.6699720243190863E-4,\n      \"h6_rate\" : 4.599187471710744E-5,\n      \"h12_rate\" : 2.3071917219589993E-5,\n      \"h24_rate\" : 1.155500062430306E-5,\n      \"mean_rate\" : 8.868487092821571E-4,\n      \"units\" : \"events/second\"\n    },\n    \"stage.HTTPServer_01.stageErrors.meter\" : {\n      \"count\" : 0,\n      \"m1_rate\" : 0.0,\n      \"m5_rate\" : 0.0,\n      \"m15_rate\" : 0.0,\n      \"m30_rate\" : 0.0,\n      \"h1_rate\" : 0.0,\n      \"h6_rate\" : 0.0,\n      \"h12_rate\" : 0.0,\n      \"h24_rate\" : 0.0,\n      \"mean_rate\" : 0.0,\n      \"units\" : \"events/second\"\n    },\n    \"stage.HTTPServer_01:HTTPServer_01OutputLane16762843737040.outputRecords.meter\" : {\n      \"count\" : 1,\n      \"m1_rate\" : 0.0015506900910289933,\n      \"m5_rate\" : 0.0020729741807790705,\n      \"m15_rate\" : 9.484070116640398E-4,\n      \"m30_rate\" : 5.132701264752544E-4,\n      \"h1_rate\" : 2.6699720243190863E-4,\n      \"h6_rate\" : 4.599187471710744E-5,\n      \"h12_rate\" : 2.3071917219589993E-5,\n      \"h24_rate\" : 1.155500062430306E-5,\n      \"mean_rate\" : 8.868495143095434E-4,\n      \"units\" : \"events/second\"\n    },\n    \"stage.JavaScriptEvaluator_01.errorRecords.meter\" : {\n      \"count\" : 0,\n      \"m1_rate\" : 0.0,\n      \"m5_rate\" : 0.0,\n      \"m15_rate\" : 0.0,\n      \"m30_rate\" : 0.0,\n      \"h1_rate\" : 0.0,\n      \"h6_rate\" : 0.0,\n      \"h12_rate\" : 0.0,\n      \"h24_rate\" : 0.0,\n      \"mean_rate\" : 0.0,\n      \"units\" : \"events/second\"\n    },\n    \"stage.JavaScriptEvaluator_01.inputRecords.meter\" : {\n      \"count\" : 1,\n      \"m1_rate\" : 0.0015506900910289933,\n      \"m5_rate\" : 0.0020729741807790705,\n      \"m15_rate\" : 9.484070116640398E-4,\n      \"m30_rate\" : 5.132701264752544E-4,\n      \"h1_rate\" : 2.6699720243190863E-4,\n      \"h6_rate\" : 4.599187471710744E-5,\n      \"h12_rate\" : 2.3071917219589993E-5,\n      \"h24_rate\" : 1.155500062430306E-5,\n      \"mean_rate\" : 8.86882681168341E-4,\n      \"units\" : \"events/second\"\n    },\n    \"stage.JavaScriptEvaluator_01.outputRecords.meter\" : {\n      \"count\" : 1,\n      \"m1_rate\" : 0.0015506900910289933,\n      \"m5_rate\" : 0.0020729741807790705,\n      \"m15_rate\" : 9.484070116640398E-4,\n      \"m30_rate\" : 5.132701264752544E-4,\n      \"h1_rate\" : 2.6699720243190863E-4,\n      \"h6_rate\" : 4.599187471710744E-5,\n      \"h12_rate\" : 2.3071917219589993E-5,\n      \"h24_rate\" : 1.155500062430306E-5,\n      \"mean_rate\" : 8.868828546412331E-4,\n      \"units\" : \"events/second\"\n    },\n    \"stage.JavaScriptEvaluator_01.stageErrors.meter\" : {\n      \"count\" : 0,\n      \"m1_rate\" : 0.0,\n      \"m5_rate\" : 0.0,\n      \"m15_rate\" : 0.0,\n      \"m30_rate\" : 0.0,\n      \"h1_rate\" : 0.0,\n      \"h6_rate\" : 0.0,\n      \"h12_rate\" : 0.0,\n      \"h24_rate\" : 0.0,\n      \"mean_rate\" : 0.0,\n      \"units\" : \"events/second\"\n    },\n    \"stage.JavaScriptEvaluator_01:JavaScriptEvaluator_01OutputLane16762844585990.outputRecords.meter\" : {\n      \"count\" : 1,\n      \"m1_rate\" : 0.0015506900910289933,\n      \"m5_rate\" : 0.0020729741807790705,\n      \"m15_rate\" : 9.484070116640398E-4,\n      \"m30_rate\" : 5.132701264752544E-4,\n      \"h1_rate\" : 2.6699720243190863E-4,\n      \"h6_rate\" : 4.599187471710744E-5,\n      \"h12_rate\" : 2.3071917219589993E-5,\n      \"h24_rate\" : 1.155500062430306E-5,\n      \"mean_rate\" : 8.86883781263992E-4,\n      \"units\" : \"events/second\"\n    },\n    \"stage.OnesaitPlatformDestination_01.errorRecords.meter\" : {\n      \"count\" : 0,\n      \"m1_rate\" : 0.0,\n      \"m5_rate\" : 0.0,\n      \"m15_rate\" : 0.0,\n      \"m30_rate\" : 0.0,\n      \"h1_rate\" : 0.0,\n      \"h6_rate\" : 0.0,\n      \"h12_rate\" : 0.0,\n      \"h24_rate\" : 0.0,\n      \"mean_rate\" : 0.0,\n      \"units\" : \"events/second\"\n    },\n    \"stage.OnesaitPlatformDestination_01.inputRecords.meter\" : {\n      \"count\" : 1,\n      \"m1_rate\" : 0.0015506900910289933,\n      \"m5_rate\" : 0.0020729741807790705,\n      \"m15_rate\" : 9.484070116640398E-4,\n      \"m30_rate\" : 5.132701264752544E-4,\n      \"h1_rate\" : 2.6699720243190863E-4,\n      \"h6_rate\" : 4.599187471710744E-5,\n      \"h12_rate\" : 2.3071917219589993E-5,\n      \"h24_rate\" : 1.155500062430306E-5,\n      \"mean_rate\" : 8.948437933911358E-4,\n      \"units\" : \"events/second\"\n    },\n    \"stage.OnesaitPlatformDestination_01.outputRecords.meter\" : {\n      \"count\" : 1,\n      \"m1_rate\" : 0.0015506900910289933,\n      \"m5_rate\" : 0.0020729741807790705,\n      \"m15_rate\" : 9.484070116640398E-4,\n      \"m30_rate\" : 5.132701264752544E-4,\n      \"h1_rate\" : 2.6699720243190863E-4,\n      \"h6_rate\" : 4.599187471710744E-5,\n      \"h12_rate\" : 2.3071917219589993E-5,\n      \"h24_rate\" : 1.155500062430306E-5,\n      \"mean_rate\" : 8.948455240479497E-4,\n      \"units\" : \"events/second\"\n    },\n    \"stage.OnesaitPlatformDestination_01.stageErrors.meter\" : {\n      \"count\" : 0,\n      \"m1_rate\" : 0.0,\n      \"m5_rate\" : 0.0,\n      \"m15_rate\" : 0.0,\n      \"m30_rate\" : 0.0,\n      \"h1_rate\" : 0.0,\n      \"h6_rate\" : 0.0,\n      \"h12_rate\" : 0.0,\n      \"h24_rate\" : 0.0,\n      \"mean_rate\" : 0.0,\n      \"units\" : \"events/second\"\n    }\n  },\n  \"timers\" : {\n    \"custom.HTTPServer_01.requests.0.timer\" : {\n      \"count\" : 1,\n      \"max\" : 0.0,\n      \"mean\" : 0.0,\n      \"min\" : 0.0,\n      \"p50\" : 0.0,\n      \"p75\" : 0.0,\n      \"p95\" : 0.0,\n      \"p98\" : 0.0,\n      \"p99\" : 0.0,\n      \"p999\" : 0.0,\n      \"stddev\" : 0.0,\n      \"m15_rate\" : 9.484070116640398E-4,\n      \"m1_rate\" : 0.0015506900910289933,\n      \"m5_rate\" : 0.0020729741807790705,\n      \"mean_rate\" : 8.868479956317194E-4,\n      \"duration_units\" : \"seconds\",\n      \"rate_units\" : \"calls/second\"\n    },\n    \"pipeline.batchProcessing.timer\" : {\n      \"count\" : 181,\n      \"max\" : 0.003,\n      \"mean\" : 0.0016,\n      \"min\" : 0.001,\n      \"p50\" : 0.0015,\n      \"p75\" : 0.002,\n      \"p95\" : 0.003,\n      \"p98\" : 0.003,\n      \"p99\" : 0.003,\n      \"p999\" : 0.003,\n      \"stddev\" : 6.992058987801012E-4,\n      \"m15_rate\" : 0.11712350491125777,\n      \"m1_rate\" : 0.1603716663647997,\n      \"m5_rate\" : 0.16298445730831548,\n      \"mean_rate\" : 0.1605064336333649,\n      \"duration_units\" : \"seconds\",\n      \"rate_units\" : \"calls/second\"\n    },\n    \"stage.HTTPServer_01.batchProcessing.timer\" : {\n      \"count\" : 1,\n      \"max\" : 0.0,\n      \"mean\" : 0.0,\n      \"min\" : 0.0,\n      \"p50\" : 0.0,\n      \"p75\" : 0.0,\n      \"p95\" : 0.0,\n      \"p98\" : 0.0,\n      \"p99\" : 0.0,\n      \"p999\" : 0.0,\n      \"stddev\" : 0.0,\n      \"m15_rate\" : 9.484070116640398E-4,\n      \"m1_rate\" : 0.0015506900910289933,\n      \"m5_rate\" : 0.0020729741807790705,\n      \"mean_rate\" : 8.868479482758085E-4,\n      \"duration_units\" : \"seconds\",\n      \"rate_units\" : \"calls/second\"\n    },\n    \"stage.JavaScriptEvaluator_01.batchProcessing.timer\" : {\n      \"count\" : 181,\n      \"max\" : 0.002,\n      \"mean\" : 0.0014,\n      \"min\" : 0.001,\n      \"p50\" : 0.001,\n      \"p75\" : 0.002,\n      \"p95\" : 0.002,\n      \"p98\" : 0.002,\n      \"p99\" : 0.002,\n      \"p999\" : 0.002,\n      \"stddev\" : 5.163977794943223E-4,\n      \"m15_rate\" : 0.11711822132036323,\n      \"m1_rate\" : 0.1602369051163368,\n      \"m5_rate\" : 0.16294961821935117,\n      \"mean_rate\" : 0.160525217811489,\n      \"duration_units\" : \"seconds\",\n      \"rate_units\" : \"calls/second\"\n    },\n    \"stage.OnesaitPlatformDestination_01.batchProcessing.timer\" : {\n      \"count\" : 181,\n      \"max\" : 0.0,\n      \"mean\" : 0.0,\n      \"min\" : 0.0,\n      \"p50\" : 0.0,\n      \"p75\" : 0.0,\n      \"p95\" : 0.0,\n      \"p98\" : 0.0,\n      \"p99\" : 0.0,\n      \"p999\" : 0.0,\n      \"stddev\" : 0.0,\n      \"m15_rate\" : 0.11711822132036323,\n      \"m1_rate\" : 0.1602369051163368,\n      \"m5_rate\" : 0.16294961821935117,\n      \"mean_rate\" : 0.16196614021445024,\n      \"duration_units\" : \"seconds\",\n      \"rate_units\" : \"calls/second\"\n    }\n  }\n}",
  "retryAttempt" : 0,
  "nextRetryTimeStamp" : 0,
  "name" : "client1Ins63d4d390-fb25-4dea-b7e6-0d5cdb4f420a"
}