{
  "pipelineId" : "mainflowin9c82f7b3-241d-4762-8754-fb1af5fdb1cc",
  "rev" : "0",
  "user" : "user1",
  "status" : "FINISHED",
  "message" : null,
  "timeStamp" : 1688629824684,
  "attributes" : {
    "IS_REMOTE_PIPELINE" : false,
    "RUNTIME_PARAMETERS" : null,
    "INTERCEPTOR_CONFIGS" : [ ]
  },
  "executionMode" : "STANDALONE",
  "metrics" : "{\n  \"version\" : \"4.0.0\",\n  \"gauges\" : {\n    \"RuntimeStatsGauge.gauge\" : {\n      \"value\" : {\n        \"batchCount\" : 1,\n        \"idleBatchCount\" : 0,\n        \"timeOfLastReceivedRecord\" : 1688629823618,\n        \"lastBatchInputRecordsCount\" : 4,\n        \"lastBatchOutputRecordsCount\" : 3,\n        \"lastBatchErrorRecordsCount\" : 1,\n        \"lastBatchErrorMessagesCount\" : 0,\n        \"totalRunners\" : 1,\n        \"availableRunners\" : 1,\n        \"currentStages\" : [ ]\n      }\n    },\n    \"health.DataObserverRunnable.gauge\" : {\n      \"value\" : {\n        \"threadName\" : \"DataObserverRunnable\",\n        \"scheduledDelay\" : -1,\n        \"timestamp\" : 1688629824392\n      }\n    },\n    \"health.MetricObserverRunnable.gauge\" : {\n      \"value\" : {\n        \"threadName\" : \"MetricObserverRunnable\",\n        \"scheduledDelay\" : 1,\n        \"timestamp\" : 1688629824287\n      }\n    },\n    \"health.MetricsEventRunnable.gauge\" : {\n      \"value\" : {\n        \"threadName\" : \"MetricsEventRunnable\",\n        \"scheduledDelay\" : 10000,\n        \"timestamp\" : 1688629823283\n      }\n    },\n    \"health.ProductionPipelineRunnable.gauge\" : {\n      \"value\" : {\n        \"threadName\" : \"ProductionPipelineRunnable\",\n        \"scheduledDelay\" : -1,\n        \"timestamp\" : 1688629823389\n      }\n    },\n    \"health.RulesConfigLoaderRunnable.gauge\" : {\n      \"value\" : {\n        \"threadName\" : \"RulesConfigLoaderRunnable\",\n        \"scheduledDelay\" : 2,\n        \"timestamp\" : 1688629824288\n      }\n    },\n    \"jvm.buffers.direct.capacity\" : {\n      \"value\" : 975472\n    },\n    \"jvm.buffers.direct.count\" : {\n      \"value\" : 130\n    },\n    \"jvm.buffers.direct.used\" : {\n      \"value\" : 975472\n    },\n    \"jvm.buffers.mapped.capacity\" : {\n      \"value\" : 0\n    },\n    \"jvm.buffers.mapped.count\" : {\n      \"value\" : 0\n    },\n    \"jvm.buffers.mapped.used\" : {\n      \"value\" : 0\n    },\n    \"jvm.files\" : {\n      \"value\" : 8.335113525390625E-4\n    },\n    \"jvm.garbage.ConcurrentMarkSweep.count\" : {\n      \"value\" : 3\n    },\n    \"jvm.garbage.ConcurrentMarkSweep.time\" : {\n      \"value\" : 141\n    },\n    \"jvm.garbage.ParNew.count\" : {\n      \"value\" : 101\n    },\n    \"jvm.garbage.ParNew.time\" : {\n      \"value\" : 2947\n    },\n    \"jvm.memory.heap.committed\" : {\n      \"value\" : 1065025536\n    },\n    \"jvm.memory.heap.init\" : {\n      \"value\" : 1073741824\n    },\n    \"jvm.memory.heap.max\" : {\n      \"value\" : 2138767360\n    },\n    \"jvm.memory.heap.usage\" : {\n      \"value\" : 0.07837753424477172\n    },\n    \"jvm.memory.heap.used\" : {\n      \"value\" : 167631312\n    },\n    \"jvm.memory.non-heap.committed\" : {\n      \"value\" : 158990336\n    },\n    \"jvm.memory.non-heap.init\" : {\n      \"value\" : 2555904\n    },\n    \"jvm.memory.non-heap.max\" : {\n      \"value\" : -1\n    },\n    \"jvm.memory.non-heap.usage\" : {\n      \"value\" : -1.50434392E8\n    },\n    \"jvm.memory.non-heap.used\" : {\n      \"value\" : 150434392\n    },\n    \"jvm.memory.pools.CMS-Old-Gen.committed\" : {\n      \"value\" : 986513408\n    },\n    \"jvm.memory.pools.CMS-Old-Gen.init\" : {\n      \"value\" : 986513408\n    },\n    \"jvm.memory.pools.CMS-Old-Gen.max\" : {\n      \"value\" : 2060255232\n    },\n    \"jvm.memory.pools.CMS-Old-Gen.usage\" : {\n      \"value\" : 0.06813277783245061\n    },\n    \"jvm.memory.pools.CMS-Old-Gen.used\" : {\n      \"value\" : 140370912\n    },\n    \"jvm.memory.pools.CMS-Old-Gen.used-after-gc\" : {\n      \"value\" : 58101608\n    },\n    \"jvm.memory.pools.Code-Cache.committed\" : {\n      \"value\" : 44498944\n    },\n    \"jvm.memory.pools.Code-Cache.init\" : {\n      \"value\" : 2555904\n    },\n    \"jvm.memory.pools.Code-Cache.max\" : {\n      \"value\" : 251658240\n    },\n    \"jvm.memory.pools.Code-Cache.usage\" : {\n      \"value\" : 0.16909510294596355\n    },\n    \"jvm.memory.pools.Code-Cache.used\" : {\n      \"value\" : 42554176\n    },\n    \"jvm.memory.pools.Compressed-Class-Space.committed\" : {\n      \"value\" : 13467648\n    },\n    \"jvm.memory.pools.Compressed-Class-Space.init\" : {\n      \"value\" : 0\n    },\n    \"jvm.memory.pools.Compressed-Class-Space.max\" : {\n      \"value\" : 1073741824\n    },\n    \"jvm.memory.pools.Compressed-Class-Space.usage\" : {\n      \"value\" : 0.011284880340099335\n    },\n    \"jvm.memory.pools.Compressed-Class-Space.used\" : {\n      \"value\" : 12117048\n    },\n    \"jvm.memory.pools.Metaspace.committed\" : {\n      \"value\" : 101023744\n    },\n    \"jvm.memory.pools.Metaspace.init\" : {\n      \"value\" : 0\n    },\n    \"jvm.memory.pools.Metaspace.max\" : {\n      \"value\" : -1\n    },\n    \"jvm.memory.pools.Metaspace.usage\" : {\n      \"value\" : 0.9479273308263055\n    },\n    \"jvm.memory.pools.Metaspace.used\" : {\n      \"value\" : 95763168\n    },\n    \"jvm.memory.pools.Par-Eden-Space.committed\" : {\n      \"value\" : 69795840\n    },\n    \"jvm.memory.pools.Par-Eden-Space.init\" : {\n      \"value\" : 69795840\n    },\n    \"jvm.memory.pools.Par-Eden-Space.max\" : {\n      \"value\" : 69795840\n    },\n    \"jvm.memory.pools.Par-Eden-Space.usage\" : {\n      \"value\" : 0.26580162943808683\n    },\n    \"jvm.memory.pools.Par-Eden-Space.used\" : {\n      \"value\" : 18551848\n    },\n    \"jvm.memory.pools.Par-Eden-Space.used-after-gc\" : {\n      \"value\" : 0\n    },\n    \"jvm.memory.pools.Par-Survivor-Space.committed\" : {\n      \"value\" : 8716288\n    },\n    \"jvm.memory.pools.Par-Survivor-Space.init\" : {\n      \"value\" : 8716288\n    },\n    \"jvm.memory.pools.Par-Survivor-Space.max\" : {\n      \"value\" : 8716288\n    },\n    \"jvm.memory.pools.Par-Survivor-Space.usage\" : {\n      \"value\" : 1.0\n    },\n    \"jvm.memory.pools.Par-Survivor-Space.used\" : {\n      \"value\" : 8716288\n    },\n    \"jvm.memory.pools.Par-Survivor-Space.used-after-gc\" : {\n      \"value\" : 8716288\n    },\n    \"jvm.memory.total.committed\" : {\n      \"value\" : 1224015872\n    },\n    \"jvm.memory.total.init\" : {\n      \"value\" : 1076297728\n    },\n    \"jvm.memory.total.max\" : {\n      \"value\" : 2138767359\n    },\n    \"jvm.memory.total.used\" : {\n      \"value\" : 318073440\n    },\n    \"jvm.threads.blocked.count\" : {\n      \"value\" : 0\n    },\n    \"jvm.threads.count\" : {\n      \"value\" : 212\n    },\n    \"jvm.threads.daemon.count\" : {\n      \"value\" : 204\n    },\n    \"jvm.threads.deadlock.count\" : {\n      \"value\" : 0\n    },\n    \"jvm.threads.deadlocks\" : {\n      \"value\" : [ ]\n    },\n    \"jvm.threads.new.count\" : {\n      \"value\" : 0\n    },\n    \"jvm.threads.runnable.count\" : {\n      \"value\" : 9\n    },\n    \"jvm.threads.terminated.count\" : {\n      \"value\" : 0\n    },\n    \"jvm.threads.timed_waiting.count\" : {\n      \"value\" : 71\n    },\n    \"jvm.threads.waiting.count\" : {\n      \"value\" : 133\n    },\n    \"runner.0.gauge\" : {\n      \"value\" : {\n        \"currentStage\" : \"IDLE\",\n        \"stageStartTime\" : 1688629824648,\n        \"offsetValue\" : \"\",\n        \"state\" : \"\",\n        \"batchCount\" : 2,\n        \"offsetKey\" : \"\",\n        \"batchStartTime\" : 0\n      }\n    }\n  },\n  \"counters\" : {\n    \"pipeline.batchCount.counter\" : {\n      \"count\" : 1\n    },\n    \"pipeline.batchErrorMessages.counter\" : {\n      \"count\" : 0\n    },\n    \"pipeline.batchErrorRecords.counter\" : {\n      \"count\" : 1\n    },\n    \"pipeline.batchInputRecords.counter\" : {\n      \"count\" : 4\n    },\n    \"pipeline.batchOutputRecords.counter\" : {\n      \"count\" : 3\n    },\n    \"stage.ExpressionEvaluator_01.errorRecords.counter\" : {\n      \"count\" : 0\n    },\n    \"stage.ExpressionEvaluator_01.inputRecords.counter\" : {\n      \"count\" : 3\n    },\n    \"stage.ExpressionEvaluator_01.outputRecords.counter\" : {\n      \"count\" : 3\n    },\n    \"stage.ExpressionEvaluator_01.stageErrors.counter\" : {\n      \"count\" : 0\n    },\n    \"stage.ExpressionEvaluator_01:ExpressionEvaluator_01OutputLane16748290572950.outputRecords.counter\" : {\n      \"count\" : 3\n    },\n    \"stage.FieldRemover_01.errorRecords.counter\" : {\n      \"count\" : 0\n    },\n    \"stage.FieldRemover_01.inputRecords.counter\" : {\n      \"count\" : 3\n    },\n    \"stage.FieldRemover_01.outputRecords.counter\" : {\n      \"count\" : 3\n    },\n    \"stage.FieldRemover_01.stageErrors.counter\" : {\n      \"count\" : 0\n    },\n    \"stage.FieldRemover_01:FieldRemover_01OutputLane16742153538720.outputRecords.counter\" : {\n      \"count\" : 3\n    },\n    \"stage.FieldReplacer_01.errorRecords.counter\" : {\n      \"count\" : 0\n    },\n    \"stage.FieldReplacer_01.inputRecords.counter\" : {\n      \"count\" : 1\n    },\n    \"stage.FieldReplacer_01.outputRecords.counter\" : {\n      \"count\" : 1\n    },\n    \"stage.FieldReplacer_01.stageErrors.counter\" : {\n      \"count\" : 0\n    },\n    \"stage.FieldReplacer_01:FieldReplacer_01OutputLane16750734137010.outputRecords.counter\" : {\n      \"count\" : 1\n    },\n    \"stage.HTTPClient_01.errorRecords.counter\" : {\n      \"count\" : 0\n    },\n    \"stage.HTTPClient_01.inputRecords.counter\" : {\n      \"count\" : 0\n    },\n    \"stage.HTTPClient_01.outputRecords.counter\" : {\n      \"count\" : 4\n    },\n    \"stage.HTTPClient_01.stageErrors.counter\" : {\n      \"count\" : 0\n    },\n    \"stage.HTTPClient_01:HTTPClient_01OutputLane16716246461230.outputRecords.counter\" : {\n      \"count\" : 4\n    },\n    \"stage.HTTPClient_03.errorRecords.counter\" : {\n      \"count\" : 0\n    },\n    \"stage.HTTPClient_03.inputRecords.counter\" : {\n      \"count\" : 0\n    },\n    \"stage.HTTPClient_03.outputRecords.counter\" : {\n      \"count\" : 0\n    },\n    \"stage.HTTPClient_03.stageErrors.counter\" : {\n      \"count\" : 0\n    },\n    \"stage.HTTPClient_04.errorRecords.counter\" : {\n      \"count\" : 1\n    },\n    \"stage.HTTPClient_04.inputRecords.counter\" : {\n      \"count\" : 1\n    },\n    \"stage.HTTPClient_04.outputRecords.counter\" : {\n      \"count\" : 0\n    },\n    \"stage.HTTPClient_04.stageErrors.counter\" : {\n      \"count\" : 0\n    },\n    \"stage.HTTPClient_05.errorRecords.counter\" : {\n      \"count\" : 0\n    },\n    \"stage.HTTPClient_05.inputRecords.counter\" : {\n      \"count\" : 1\n    },\n    \"stage.HTTPClient_05.outputRecords.counter\" : {\n      \"count\" : 1\n    },\n    \"stage.HTTPClient_05.stageErrors.counter\" : {\n      \"count\" : 0\n    },\n    \"stage.JSONParser_01.errorRecords.counter\" : {\n      \"count\" : 0\n    },\n    \"stage.JSONParser_01.inputRecords.counter\" : {\n      \"count\" : 4\n    },\n    \"stage.JSONParser_01.outputRecords.counter\" : {\n      \"count\" : 4\n    },\n    \"stage.JSONParser_01.stageErrors.counter\" : {\n      \"count\" : 0\n    },\n    \"stage.JSONParser_01:JSONParser_01OutputLane16732619319230.outputRecords.counter\" : {\n      \"count\" : 4\n    },\n    \"stage.OnesaitPlatformDestination_01.errorRecords.counter\" : {\n      \"count\" : 0\n    },\n    \"stage.OnesaitPlatformDestination_01.inputRecords.counter\" : {\n      \"count\" : 2\n    },\n    \"stage.OnesaitPlatformDestination_01.outputRecords.counter\" : {\n      \"count\" : 2\n    },\n    \"stage.OnesaitPlatformDestination_01.stageErrors.counter\" : {\n      \"count\" : 0\n    },\n    \"stage.OnesaitPlatformLookup_01.errorRecords.counter\" : {\n      \"count\" : 0\n    },\n    \"stage.OnesaitPlatformLookup_01.inputRecords.counter\" : {\n      \"count\" : 4\n    },\n    \"stage.OnesaitPlatformLookup_01.outputRecords.counter\" : {\n      \"count\" : 4\n    },\n    \"stage.OnesaitPlatformLookup_01.stageErrors.counter\" : {\n      \"count\" : 0\n    },\n    \"stage.OnesaitPlatformLookup_01:OnesaitPlatformLookup_01OutputLane16742102882110.outputRecords.counter\" : {\n      \"count\" : 4\n    },\n    \"stage.StreamSelector_01.errorRecords.counter\" : {\n      \"count\" : 0\n    },\n    \"stage.StreamSelector_01.inputRecords.counter\" : {\n      \"count\" : 3\n    },\n    \"stage.StreamSelector_01.outputRecords.counter\" : {\n      \"count\" : 3\n    },\n    \"stage.StreamSelector_01.stageErrors.counter\" : {\n      \"count\" : 0\n    },\n    \"stage.StreamSelector_01:StreamSelector_01OutputLane1673262142279.outputRecords.counter\" : {\n      \"count\" : 1\n    },\n    \"stage.StreamSelector_01:StreamSelector_01OutputLane1673262146457.outputRecords.counter\" : {\n      \"count\" : 0\n    },\n    \"stage.StreamSelector_01:StreamSelector_01OutputLane1674123955848.outputRecords.counter\" : {\n      \"count\" : 1\n    },\n    \"stage.StreamSelector_01:StreamSelector_01OutputLane1674826865201.outputRecords.counter\" : {\n      \"count\" : 1\n    },\n    \"stage.StreamSelector_02.errorRecords.counter\" : {\n      \"count\" : 0\n    },\n    \"stage.StreamSelector_02.inputRecords.counter\" : {\n      \"count\" : 4\n    },\n    \"stage.StreamSelector_02.outputRecords.counter\" : {\n      \"count\" : 4\n    },\n    \"stage.StreamSelector_02.stageErrors.counter\" : {\n      \"count\" : 0\n    },\n    \"stage.StreamSelector_02:StreamSelector_02OutputLane16748232221950.outputRecords.counter\" : {\n      \"count\" : 3\n    },\n    \"stage.StreamSelector_02:StreamSelector_02OutputLane16748232221952.outputRecords.counter\" : {\n      \"count\" : 1\n    }\n  },\n  \"histograms\" : {\n    \"pipeline.errorRecordsPerBatch.histogramM5\" : {\n      \"count\" : 1,\n      \"max\" : 1,\n      \"mean\" : 1.0,\n      \"min\" : 1,\n      \"p50\" : 1.0,\n      \"p75\" : 1.0,\n      \"p95\" : 1.0,\n      \"p98\" : 1.0,\n      \"p99\" : 1.0,\n      \"p999\" : 1.0,\n      \"stddev\" : 0.0\n    },\n    \"pipeline.errorsPerBatch.histogramM5\" : {\n      \"count\" : 1,\n      \"max\" : 0,\n      \"mean\" : 0.0,\n      \"min\" : 0,\n      \"p50\" : 0.0,\n      \"p75\" : 0.0,\n      \"p95\" : 0.0,\n      \"p98\" : 0.0,\n      \"p99\" : 0.0,\n      \"p999\" : 0.0,\n      \"stddev\" : 0.0\n    },\n    \"pipeline.inputRecordsPerBatch.histogramM5\" : {\n      \"count\" : 1,\n      \"max\" : 4,\n      \"mean\" : 4.0,\n      \"min\" : 4,\n      \"p50\" : 4.0,\n      \"p75\" : 4.0,\n      \"p95\" : 4.0,\n      \"p98\" : 4.0,\n      \"p99\" : 4.0,\n      \"p999\" : 4.0,\n      \"stddev\" : 0.0\n    },\n    \"pipeline.outputRecordsPerBatch.histogramM5\" : {\n      \"count\" : 1,\n      \"max\" : 3,\n      \"mean\" : 3.0,\n      \"min\" : 3,\n      \"p50\" : 3.0,\n      \"p75\" : 3.0,\n      \"p95\" : 3.0,\n      \"p98\" : 3.0,\n      \"p99\" : 3.0,\n      \"p999\" : 3.0,\n      \"stddev\" : 0.0\n    },\n    \"pipeline.runners.histogramM5\" : {\n      \"count\" : 2,\n      \"max\" : 1,\n      \"mean\" : 0.503749929689082,\n      \"min\" : 0,\n      \"p50\" : 1.0,\n      \"p75\" : 1.0,\n      \"p95\" : 1.0,\n      \"p98\" : 1.0,\n      \"p99\" : 1.0,\n      \"p999\" : 1.0,\n      \"stddev\" : 0.4999859378295823\n    },\n    \"stage.ExpressionEvaluator_01.errorRecords.histogramM5\" : {\n      \"count\" : 1,\n      \"max\" : 0,\n      \"mean\" : 0.0,\n      \"min\" : 0,\n      \"p50\" : 0.0,\n      \"p75\" : 0.0,\n      \"p95\" : 0.0,\n      \"p98\" : 0.0,\n      \"p99\" : 0.0,\n      \"p999\" : 0.0,\n      \"stddev\" : 0.0\n    },\n    \"stage.ExpressionEvaluator_01.inputRecords.histogramM5\" : {\n      \"count\" : 1,\n      \"max\" : 3,\n      \"mean\" : 3.0,\n      \"min\" : 3,\n      \"p50\" : 3.0,\n      \"p75\" : 3.0,\n      \"p95\" : 3.0,\n      \"p98\" : 3.0,\n      \"p99\" : 3.0,\n      \"p999\" : 3.0,\n      \"stddev\" : 0.0\n    },\n    \"stage.ExpressionEvaluator_01.outputRecords.histogramM5\" : {\n      \"count\" : 1,\n      \"max\" : 3,\n      \"mean\" : 3.0,\n      \"min\" : 3,\n      \"p50\" : 3.0,\n      \"p75\" : 3.0,\n      \"p95\" : 3.0,\n      \"p98\" : 3.0,\n      \"p99\" : 3.0,\n      \"p999\" : 3.0,\n      \"stddev\" : 0.0\n    },\n    \"stage.ExpressionEvaluator_01.stageErrors.histogramM5\" : {\n      \"count\" : 1,\n      \"max\" : 0,\n      \"mean\" : 0.0,\n      \"min\" : 0,\n      \"p50\" : 0.0,\n      \"p75\" : 0.0,\n      \"p95\" : 0.0,\n      \"p98\" : 0.0,\n      \"p99\" : 0.0,\n      \"p999\" : 0.0,\n      \"stddev\" : 0.0\n    },\n    \"stage.FieldRemover_01.errorRecords.histogramM5\" : {\n      \"count\" : 1,\n      \"max\" : 0,\n      \"mean\" : 0.0,\n      \"min\" : 0,\n      \"p50\" : 0.0,\n      \"p75\" : 0.0,\n      \"p95\" : 0.0,\n      \"p98\" : 0.0,\n      \"p99\" : 0.0,\n      \"p999\" : 0.0,\n      \"stddev\" : 0.0\n    },\n    \"stage.FieldRemover_01.inputRecords.histogramM5\" : {\n      \"count\" : 1,\n      \"max\" : 3,\n      \"mean\" : 3.0,\n      \"min\" : 3,\n      \"p50\" : 3.0,\n      \"p75\" : 3.0,\n      \"p95\" : 3.0,\n      \"p98\" : 3.0,\n      \"p99\" : 3.0,\n      \"p999\" : 3.0,\n      \"stddev\" : 0.0\n    },\n    \"stage.FieldRemover_01.outputRecords.histogramM5\" : {\n      \"count\" : 1,\n      \"max\" : 3,\n      \"mean\" : 3.0,\n      \"min\" : 3,\n      \"p50\" : 3.0,\n      \"p75\" : 3.0,\n      \"p95\" : 3.0,\n      \"p98\" : 3.0,\n      \"p99\" : 3.0,\n      \"p999\" : 3.0,\n      \"stddev\" : 0.0\n    },\n    \"stage.FieldRemover_01.stageErrors.histogramM5\" : {\n      \"count\" : 1,\n      \"max\" : 0,\n      \"mean\" : 0.0,\n      \"min\" : 0,\n      \"p50\" : 0.0,\n      \"p75\" : 0.0,\n      \"p95\" : 0.0,\n      \"p98\" : 0.0,\n      \"p99\" : 0.0,\n      \"p999\" : 0.0,\n      \"stddev\" : 0.0\n    },\n    \"stage.FieldReplacer_01.errorRecords.histogramM5\" : {\n      \"count\" : 1,\n      \"max\" : 0,\n      \"mean\" : 0.0,\n      \"min\" : 0,\n      \"p50\" : 0.0,\n      \"p75\" : 0.0,\n      \"p95\" : 0.0,\n      \"p98\" : 0.0,\n      \"p99\" : 0.0,\n      \"p999\" : 0.0,\n      \"stddev\" : 0.0\n    },\n    \"stage.FieldReplacer_01.inputRecords.histogramM5\" : {\n      \"count\" : 1,\n      \"max\" : 1,\n      \"mean\" : 1.0,\n      \"min\" : 1,\n      \"p50\" : 1.0,\n      \"p75\" : 1.0,\n      \"p95\" : 1.0,\n      \"p98\" : 1.0,\n      \"p99\" : 1.0,\n      \"p999\" : 1.0,\n      \"stddev\" : 0.0\n    },\n    \"stage.FieldReplacer_01.outputRecords.histogramM5\" : {\n      \"count\" : 1,\n      \"max\" : 1,\n      \"mean\" : 1.0,\n      \"min\" : 1,\n      \"p50\" : 1.0,\n      \"p75\" : 1.0,\n      \"p95\" : 1.0,\n      \"p98\" : 1.0,\n      \"p99\" : 1.0,\n      \"p999\" : 1.0,\n      \"stddev\" : 0.0\n    },\n    \"stage.FieldReplacer_01.stageErrors.histogramM5\" : {\n      \"count\" : 1,\n      \"max\" : 0,\n      \"mean\" : 0.0,\n      \"min\" : 0,\n      \"p50\" : 0.0,\n      \"p75\" : 0.0,\n      \"p95\" : 0.0,\n      \"p98\" : 0.0,\n      \"p99\" : 0.0,\n      \"p999\" : 0.0,\n      \"stddev\" : 0.0\n    },\n    \"stage.HTTPClient_01.errorRecords.histogramM5\" : {\n      \"count\" : 1,\n      \"max\" : 0,\n      \"mean\" : 0.0,\n      \"min\" : 0,\n      \"p50\" : 0.0,\n      \"p75\" : 0.0,\n      \"p95\" : 0.0,\n      \"p98\" : 0.0,\n      \"p99\" : 0.0,\n      \"p999\" : 0.0,\n      \"stddev\" : 0.0\n    },\n    \"stage.HTTPClient_01.inputRecords.histogramM5\" : {\n      \"count\" : 1,\n      \"max\" : 0,\n      \"mean\" : 0.0,\n      \"min\" : 0,\n      \"p50\" : 0.0,\n      \"p75\" : 0.0,\n      \"p95\" : 0.0,\n      \"p98\" : 0.0,\n      \"p99\" : 0.0,\n      \"p999\" : 0.0,\n      \"stddev\" : 0.0\n    },\n    \"stage.HTTPClient_01.outputRecords.histogramM5\" : {\n      \"count\" : 1,\n      \"max\" : 4,\n      \"mean\" : 4.0,\n      \"min\" : 4,\n      \"p50\" : 4.0,\n      \"p75\" : 4.0,\n      \"p95\" : 4.0,\n      \"p98\" : 4.0,\n      \"p99\" : 4.0,\n      \"p999\" : 4.0,\n      \"stddev\" : 0.0\n    },\n    \"stage.HTTPClient_01.stageErrors.histogramM5\" : {\n      \"count\" : 1,\n      \"max\" : 0,\n      \"mean\" : 0.0,\n      \"min\" : 0,\n      \"p50\" : 0.0,\n      \"p75\" : 0.0,\n      \"p95\" : 0.0,\n      \"p98\" : 0.0,\n      \"p99\" : 0.0,\n      \"p999\" : 0.0,\n      \"stddev\" : 0.0\n    },\n    \"stage.HTTPClient_03.errorRecords.histogramM5\" : {\n      \"count\" : 1,\n      \"max\" : 0,\n      \"mean\" : 0.0,\n      \"min\" : 0,\n      \"p50\" : 0.0,\n      \"p75\" : 0.0,\n      \"p95\" : 0.0,\n      \"p98\" : 0.0,\n      \"p99\" : 0.0,\n      \"p999\" : 0.0,\n      \"stddev\" : 0.0\n    },\n    \"stage.HTTPClient_03.inputRecords.histogramM5\" : {\n      \"count\" : 1,\n      \"max\" : 0,\n      \"mean\" : 0.0,\n      \"min\" : 0,\n      \"p50\" : 0.0,\n      \"p75\" : 0.0,\n      \"p95\" : 0.0,\n      \"p98\" : 0.0,\n      \"p99\" : 0.0,\n      \"p999\" : 0.0,\n      \"stddev\" : 0.0\n    },\n    \"stage.HTTPClient_03.outputRecords.histogramM5\" : {\n      \"count\" : 1,\n      \"max\" : 0,\n      \"mean\" : 0.0,\n      \"min\" : 0,\n      \"p50\" : 0.0,\n      \"p75\" : 0.0,\n      \"p95\" : 0.0,\n      \"p98\" : 0.0,\n      \"p99\" : 0.0,\n      \"p999\" : 0.0,\n      \"stddev\" : 0.0\n    },\n    \"stage.HTTPClient_03.stageErrors.histogramM5\" : {\n      \"count\" : 1,\n      \"max\" : 0,\n      \"mean\" : 0.0,\n      \"min\" : 0,\n      \"p50\" : 0.0,\n      \"p75\" : 0.0,\n      \"p95\" : 0.0,\n      \"p98\" : 0.0,\n      \"p99\" : 0.0,\n      \"p999\" : 0.0,\n      \"stddev\" : 0.0\n    },\n    \"stage.HTTPClient_04.errorRecords.histogramM5\" : {\n      \"count\" : 1,\n      \"max\" : 1,\n      \"mean\" : 1.0,\n      \"min\" : 1,\n      \"p50\" : 1.0,\n      \"p75\" : 1.0,\n      \"p95\" : 1.0,\n      \"p98\" : 1.0,\n      \"p99\" : 1.0,\n      \"p999\" : 1.0,\n      \"stddev\" : 0.0\n    },\n    \"stage.HTTPClient_04.inputRecords.histogramM5\" : {\n      \"count\" : 1,\n      \"max\" : 1,\n      \"mean\" : 1.0,\n      \"min\" : 1,\n      \"p50\" : 1.0,\n      \"p75\" : 1.0,\n      \"p95\" : 1.0,\n      \"p98\" : 1.0,\n      \"p99\" : 1.0,\n      \"p999\" : 1.0,\n      \"stddev\" : 0.0\n    },\n    \"stage.HTTPClient_04.outputRecords.histogramM5\" : {\n      \"count\" : 1,\n      \"max\" : 0,\n      \"mean\" : 0.0,\n      \"min\" : 0,\n      \"p50\" : 0.0,\n      \"p75\" : 0.0,\n      \"p95\" : 0.0,\n      \"p98\" : 0.0,\n      \"p99\" : 0.0,\n      \"p999\" : 0.0,\n      \"stddev\" : 0.0\n    },\n    \"stage.HTTPClient_04.stageErrors.histogramM5\" : {\n      \"count\" : 1,\n      \"max\" : 0,\n      \"mean\" : 0.0,\n      \"min\" : 0,\n      \"p50\" : 0.0,\n      \"p75\" : 0.0,\n      \"p95\" : 0.0,\n      \"p98\" : 0.0,\n      \"p99\" : 0.0,\n      \"p999\" : 0.0,\n      \"stddev\" : 0.0\n    },\n    \"stage.HTTPClient_05.errorRecords.histogramM5\" : {\n      \"count\" : 1,\n      \"max\" : 0,\n      \"mean\" : 0.0,\n      \"min\" : 0,\n      \"p50\" : 0.0,\n      \"p75\" : 0.0,\n      \"p95\" : 0.0,\n      \"p98\" : 0.0,\n      \"p99\" : 0.0,\n      \"p999\" : 0.0,\n      \"stddev\" : 0.0\n    },\n    \"stage.HTTPClient_05.inputRecords.histogramM5\" : {\n      \"count\" : 1,\n      \"max\" : 1,\n      \"mean\" : 1.0,\n      \"min\" : 1,\n      \"p50\" : 1.0,\n      \"p75\" : 1.0,\n      \"p95\" : 1.0,\n      \"p98\" : 1.0,\n      \"p99\" : 1.0,\n      \"p999\" : 1.0,\n      \"stddev\" : 0.0\n    },\n    \"stage.HTTPClient_05.outputRecords.histogramM5\" : {\n      \"count\" : 1,\n      \"max\" : 1,\n      \"mean\" : 1.0,\n      \"min\" : 1,\n      \"p50\" : 1.0,\n      \"p75\" : 1.0,\n      \"p95\" : 1.0,\n      \"p98\" : 1.0,\n      \"p99\" : 1.0,\n      \"p999\" : 1.0,\n      \"stddev\" : 0.0\n    },\n    \"stage.HTTPClient_05.stageErrors.histogramM5\" : {\n      \"count\" : 1,\n      \"max\" : 0,\n      \"mean\" : 0.0,\n      \"min\" : 0,\n      \"p50\" : 0.0,\n      \"p75\" : 0.0,\n      \"p95\" : 0.0,\n      \"p98\" : 0.0,\n      \"p99\" : 0.0,\n      \"p999\" : 0.0,\n      \"stddev\" : 0.0\n    },\n    \"stage.JSONParser_01.errorRecords.histogramM5\" : {\n      \"count\" : 1,\n      \"max\" : 0,\n      \"mean\" : 0.0,\n      \"min\" : 0,\n      \"p50\" : 0.0,\n      \"p75\" : 0.0,\n      \"p95\" : 0.0,\n      \"p98\" : 0.0,\n      \"p99\" : 0.0,\n      \"p999\" : 0.0,\n      \"stddev\" : 0.0\n    },\n    \"stage.JSONParser_01.inputRecords.histogramM5\" : {\n      \"count\" : 1,\n      \"max\" : 4,\n      \"mean\" : 4.0,\n      \"min\" : 4,\n      \"p50\" : 4.0,\n      \"p75\" : 4.0,\n      \"p95\" : 4.0,\n      \"p98\" : 4.0,\n      \"p99\" : 4.0,\n      \"p999\" : 4.0,\n      \"stddev\" : 0.0\n    },\n    \"stage.JSONParser_01.outputRecords.histogramM5\" : {\n      \"count\" : 1,\n      \"max\" : 4,\n      \"mean\" : 4.0,\n      \"min\" : 4,\n      \"p50\" : 4.0,\n      \"p75\" : 4.0,\n      \"p95\" : 4.0,\n      \"p98\" : 4.0,\n      \"p99\" : 4.0,\n      \"p999\" : 4.0,\n      \"stddev\" : 0.0\n    },\n    \"stage.JSONParser_01.stageErrors.histogramM5\" : {\n      \"count\" : 1,\n      \"max\" : 0,\n      \"mean\" : 0.0,\n      \"min\" : 0,\n      \"p50\" : 0.0,\n      \"p75\" : 0.0,\n      \"p95\" : 0.0,\n      \"p98\" : 0.0,\n      \"p99\" : 0.0,\n      \"p999\" : 0.0,\n      \"stddev\" : 0.0\n    },\n    \"stage.OnesaitPlatformDestination_01.errorRecords.histogramM5\" : {\n      \"count\" : 1,\n      \"max\" : 0,\n      \"mean\" : 0.0,\n      \"min\" : 0,\n      \"p50\" : 0.0,\n      \"p75\" : 0.0,\n      \"p95\" : 0.0,\n      \"p98\" : 0.0,\n      \"p99\" : 0.0,\n      \"p999\" : 0.0,\n      \"stddev\" : 0.0\n    },\n    \"stage.OnesaitPlatformDestination_01.inputRecords.histogramM5\" : {\n      \"count\" : 1,\n      \"max\" : 2,\n      \"mean\" : 2.0,\n      \"min\" : 2,\n      \"p50\" : 2.0,\n      \"p75\" : 2.0,\n      \"p95\" : 2.0,\n      \"p98\" : 2.0,\n      \"p99\" : 2.0,\n      \"p999\" : 2.0,\n      \"stddev\" : 0.0\n    },\n    \"stage.OnesaitPlatformDestination_01.outputRecords.histogramM5\" : {\n      \"count\" : 1,\n      \"max\" : 2,\n      \"mean\" : 2.0,\n      \"min\" : 2,\n      \"p50\" : 2.0,\n      \"p75\" : 2.0,\n      \"p95\" : 2.0,\n      \"p98\" : 2.0,\n      \"p99\" : 2.0,\n      \"p999\" : 2.0,\n      \"stddev\" : 0.0\n    },\n    \"stage.OnesaitPlatformDestination_01.stageErrors.histogramM5\" : {\n      \"count\" : 1,\n      \"max\" : 0,\n      \"mean\" : 0.0,\n      \"min\" : 0,\n      \"p50\" : 0.0,\n      \"p75\" : 0.0,\n      \"p95\" : 0.0,\n      \"p98\" : 0.0,\n      \"p99\" : 0.0,\n      \"p999\" : 0.0,\n      \"stddev\" : 0.0\n    },\n    \"stage.OnesaitPlatformLookup_01.errorRecords.histogramM5\" : {\n      \"count\" : 1,\n      \"max\" : 0,\n      \"mean\" : 0.0,\n      \"min\" : 0,\n      \"p50\" : 0.0,\n      \"p75\" : 0.0,\n      \"p95\" : 0.0,\n      \"p98\" : 0.0,\n      \"p99\" : 0.0,\n      \"p999\" : 0.0,\n      \"stddev\" : 0.0\n    },\n    \"stage.OnesaitPlatformLookup_01.inputRecords.histogramM5\" : {\n      \"count\" : 1,\n      \"max\" : 4,\n      \"mean\" : 4.0,\n      \"min\" : 4,\n      \"p50\" : 4.0,\n      \"p75\" : 4.0,\n      \"p95\" : 4.0,\n      \"p98\" : 4.0,\n      \"p99\" : 4.0,\n      \"p999\" : 4.0,\n      \"stddev\" : 0.0\n    },\n    \"stage.OnesaitPlatformLookup_01.outputRecords.histogramM5\" : {\n      \"count\" : 1,\n      \"max\" : 4,\n      \"mean\" : 4.0,\n      \"min\" : 4,\n      \"p50\" : 4.0,\n      \"p75\" : 4.0,\n      \"p95\" : 4.0,\n      \"p98\" : 4.0,\n      \"p99\" : 4.0,\n      \"p999\" : 4.0,\n      \"stddev\" : 0.0\n    },\n    \"stage.OnesaitPlatformLookup_01.stageErrors.histogramM5\" : {\n      \"count\" : 1,\n      \"max\" : 0,\n      \"mean\" : 0.0,\n      \"min\" : 0,\n      \"p50\" : 0.0,\n      \"p75\" : 0.0,\n      \"p95\" : 0.0,\n      \"p98\" : 0.0,\n      \"p99\" : 0.0,\n      \"p999\" : 0.0,\n      \"stddev\" : 0.0\n    },\n    \"stage.StreamSelector_01.errorRecords.histogramM5\" : {\n      \"count\" : 1,\n      \"max\" : 0,\n      \"mean\" : 0.0,\n      \"min\" : 0,\n      \"p50\" : 0.0,\n      \"p75\" : 0.0,\n      \"p95\" : 0.0,\n      \"p98\" : 0.0,\n      \"p99\" : 0.0,\n      \"p999\" : 0.0,\n      \"stddev\" : 0.0\n    },\n    \"stage.StreamSelector_01.inputRecords.histogramM5\" : {\n      \"count\" : 1,\n      \"max\" : 3,\n      \"mean\" : 3.0,\n      \"min\" : 3,\n      \"p50\" : 3.0,\n      \"p75\" : 3.0,\n      \"p95\" : 3.0,\n      \"p98\" : 3.0,\n      \"p99\" : 3.0,\n      \"p999\" : 3.0,\n      \"stddev\" : 0.0\n    },\n    \"stage.StreamSelector_01.outputRecords.histogramM5\" : {\n      \"count\" : 1,\n      \"max\" : 3,\n      \"mean\" : 3.0,\n      \"min\" : 3,\n      \"p50\" : 3.0,\n      \"p75\" : 3.0,\n      \"p95\" : 3.0,\n      \"p98\" : 3.0,\n      \"p99\" : 3.0,\n      \"p999\" : 3.0,\n      \"stddev\" : 0.0\n    },\n    \"stage.StreamSelector_01.stageErrors.histogramM5\" : {\n      \"count\" : 1,\n      \"max\" : 0,\n      \"mean\" : 0.0,\n      \"min\" : 0,\n      \"p50\" : 0.0,\n      \"p75\" : 0.0,\n      \"p95\" : 0.0,\n      \"p98\" : 0.0,\n      \"p99\" : 0.0,\n      \"p999\" : 0.0,\n      \"stddev\" : 0.0\n    },\n    \"stage.StreamSelector_02.errorRecords.histogramM5\" : {\n      \"count\" : 1,\n      \"max\" : 0,\n      \"mean\" : 0.0,\n      \"min\" : 0,\n      \"p50\" : 0.0,\n      \"p75\" : 0.0,\n      \"p95\" : 0.0,\n      \"p98\" : 0.0,\n      \"p99\" : 0.0,\n      \"p999\" : 0.0,\n      \"stddev\" : 0.0\n    },\n    \"stage.StreamSelector_02.inputRecords.histogramM5\" : {\n      \"count\" : 1,\n      \"max\" : 4,\n      \"mean\" : 4.0,\n      \"min\" : 4,\n      \"p50\" : 4.0,\n      \"p75\" : 4.0,\n      \"p95\" : 4.0,\n      \"p98\" : 4.0,\n      \"p99\" : 4.0,\n      \"p999\" : 4.0,\n      \"stddev\" : 0.0\n    },\n    \"stage.StreamSelector_02.outputRecords.histogramM5\" : {\n      \"count\" : 1,\n      \"max\" : 4,\n      \"mean\" : 4.0,\n      \"min\" : 4,\n      \"p50\" : 4.0,\n      \"p75\" : 4.0,\n      \"p95\" : 4.0,\n      \"p98\" : 4.0,\n      \"p99\" : 4.0,\n      \"p999\" : 4.0,\n      \"stddev\" : 0.0\n    },\n    \"stage.StreamSelector_02.stageErrors.histogramM5\" : {\n      \"count\" : 1,\n      \"max\" : 0,\n      \"mean\" : 0.0,\n      \"min\" : 0,\n      \"p50\" : 0.0,\n      \"p75\" : 0.0,\n      \"p95\" : 0.0,\n      \"p98\" : 0.0,\n      \"p99\" : 0.0,\n      \"p999\" : 0.0,\n      \"stddev\" : 0.0\n    }\n  },\n  \"meters\" : {\n    \"pipeline.batchCount.meter\" : {\n      \"count\" : 1,\n      \"m1_rate\" : 0.0,\n      \"m5_rate\" : 0.0,\n      \"m15_rate\" : 0.0,\n      \"m30_rate\" : 0.0,\n      \"h1_rate\" : 0.0,\n      \"h6_rate\" : 0.0,\n      \"h12_rate\" : 0.0,\n      \"h24_rate\" : 0.0,\n      \"mean_rate\" : 0.046510976541301645,\n      \"units\" : \"events/second\"\n    },\n    \"pipeline.batchErrorMessages.meter\" : {\n      \"count\" : 0,\n      \"m1_rate\" : 0.0,\n      \"m5_rate\" : 0.0,\n      \"m15_rate\" : 0.0,\n      \"m30_rate\" : 0.0,\n      \"h1_rate\" : 0.0,\n      \"h6_rate\" : 0.0,\n      \"h12_rate\" : 0.0,\n      \"h24_rate\" : 0.0,\n      \"mean_rate\" : 0.0,\n      \"units\" : \"events/second\"\n    },\n    \"pipeline.batchErrorRecords.meter\" : {\n      \"count\" : 1,\n      \"m1_rate\" : 0.0,\n      \"m5_rate\" : 0.0,\n      \"m15_rate\" : 0.0,\n      \"m30_rate\" : 0.0,\n      \"h1_rate\" : 0.0,\n      \"h6_rate\" : 0.0,\n      \"h12_rate\" : 0.0,\n      \"h24_rate\" : 0.0,\n      \"mean_rate\" : 0.04651245257276086,\n      \"units\" : \"events/second\"\n    },\n    \"pipeline.batchInputRecords.meter\" : {\n      \"count\" : 4,\n      \"m1_rate\" : 0.0,\n      \"m5_rate\" : 0.0,\n      \"m15_rate\" : 0.0,\n      \"m30_rate\" : 0.0,\n      \"h1_rate\" : 0.0,\n      \"h6_rate\" : 0.0,\n      \"h12_rate\" : 0.0,\n      \"h24_rate\" : 0.0,\n      \"mean_rate\" : 0.18604841011780432,\n      \"units\" : \"events/second\"\n    },\n    \"pipeline.batchOutputRecords.meter\" : {\n      \"count\" : 3,\n      \"m1_rate\" : 0.0,\n      \"m5_rate\" : 0.0,\n      \"m15_rate\" : 0.0,\n      \"m30_rate\" : 0.0,\n      \"h1_rate\" : 0.0,\n      \"h6_rate\" : 0.0,\n      \"h12_rate\" : 0.0,\n      \"h24_rate\" : 0.0,\n      \"mean_rate\" : 0.13953658649563036,\n      \"units\" : \"events/second\"\n    },\n    \"stage.ExpressionEvaluator_01.errorRecords.meter\" : {\n      \"count\" : 0,\n      \"m1_rate\" : 0.0,\n      \"m5_rate\" : 0.0,\n      \"m15_rate\" : 0.0,\n      \"m30_rate\" : 0.0,\n      \"h1_rate\" : 0.0,\n      \"h6_rate\" : 0.0,\n      \"h12_rate\" : 0.0,\n      \"h24_rate\" : 0.0,\n      \"mean_rate\" : 0.0,\n      \"units\" : \"events/second\"\n    },\n    \"stage.ExpressionEvaluator_01.inputRecords.meter\" : {\n      \"count\" : 3,\n      \"m1_rate\" : 0.0,\n      \"m5_rate\" : 0.0,\n      \"m15_rate\" : 0.0,\n      \"m30_rate\" : 0.0,\n      \"h1_rate\" : 0.0,\n      \"h6_rate\" : 0.0,\n      \"h12_rate\" : 0.0,\n      \"h24_rate\" : 0.0,\n      \"mean_rate\" : 0.2641594292603775,\n      \"units\" : \"events/second\"\n    },\n    \"stage.ExpressionEvaluator_01.outputRecords.meter\" : {\n      \"count\" : 3,\n      \"m1_rate\" : 0.0,\n      \"m5_rate\" : 0.0,\n      \"m15_rate\" : 0.0,\n      \"m30_rate\" : 0.0,\n      \"h1_rate\" : 0.0,\n      \"h6_rate\" : 0.0,\n      \"h12_rate\" : 0.0,\n      \"h24_rate\" : 0.0,\n      \"mean_rate\" : 0.26416267828989987,\n      \"units\" : \"events/second\"\n    },\n    \"stage.ExpressionEvaluator_01.stageErrors.meter\" : {\n      \"count\" : 0,\n      \"m1_rate\" : 0.0,\n      \"m5_rate\" : 0.0,\n      \"m15_rate\" : 0.0,\n      \"m30_rate\" : 0.0,\n      \"h1_rate\" : 0.0,\n      \"h6_rate\" : 0.0,\n      \"h12_rate\" : 0.0,\n      \"h24_rate\" : 0.0,\n      \"mean_rate\" : 0.0,\n      \"units\" : \"events/second\"\n    },\n    \"stage.ExpressionEvaluator_01:ExpressionEvaluator_01OutputLane16748290572950.outputRecords.meter\" : {\n      \"count\" : 3,\n      \"m1_rate\" : 0.0,\n      \"m5_rate\" : 0.0,\n      \"m15_rate\" : 0.0,\n      \"m30_rate\" : 0.0,\n      \"h1_rate\" : 0.0,\n      \"h6_rate\" : 0.0,\n      \"h12_rate\" : 0.0,\n      \"h24_rate\" : 0.0,\n      \"mean_rate\" : 0.2642061234699024,\n      \"units\" : \"events/second\"\n    },\n    \"stage.FieldRemover_01.errorRecords.meter\" : {\n      \"count\" : 0,\n      \"m1_rate\" : 0.0,\n      \"m5_rate\" : 0.0,\n      \"m15_rate\" : 0.0,\n      \"m30_rate\" : 0.0,\n      \"h1_rate\" : 0.0,\n      \"h6_rate\" : 0.0,\n      \"h12_rate\" : 0.0,\n      \"h24_rate\" : 0.0,\n      \"mean_rate\" : 0.0,\n      \"units\" : \"events/second\"\n    },\n    \"stage.FieldRemover_01.inputRecords.meter\" : {\n      \"count\" : 3,\n      \"m1_rate\" : 0.0,\n      \"m5_rate\" : 0.0,\n      \"m15_rate\" : 0.0,\n      \"m30_rate\" : 0.0,\n      \"h1_rate\" : 0.0,\n      \"h6_rate\" : 0.0,\n      \"h12_rate\" : 0.0,\n      \"h24_rate\" : 0.0,\n      \"mean_rate\" : 0.2640814033883656,\n      \"units\" : \"events/second\"\n    },\n    \"stage.FieldRemover_01.outputRecords.meter\" : {\n      \"count\" : 3,\n      \"m1_rate\" : 0.0,\n      \"m5_rate\" : 0.0,\n      \"m15_rate\" : 0.0,\n      \"m30_rate\" : 0.0,\n      \"h1_rate\" : 0.0,\n      \"h6_rate\" : 0.0,\n      \"h12_rate\" : 0.0,\n      \"h24_rate\" : 0.0,\n      \"mean_rate\" : 0.2640839452362056,\n      \"units\" : \"events/second\"\n    },\n    \"stage.FieldRemover_01.stageErrors.meter\" : {\n      \"count\" : 0,\n      \"m1_rate\" : 0.0,\n      \"m5_rate\" : 0.0,\n      \"m15_rate\" : 0.0,\n      \"m30_rate\" : 0.0,\n      \"h1_rate\" : 0.0,\n      \"h6_rate\" : 0.0,\n      \"h12_rate\" : 0.0,\n      \"h24_rate\" : 0.0,\n      \"mean_rate\" : 0.0,\n      \"units\" : \"events/second\"\n    },\n    \"stage.FieldRemover_01:FieldRemover_01OutputLane16742153538720.outputRecords.meter\" : {\n      \"count\" : 3,\n      \"m1_rate\" : 0.0,\n      \"m5_rate\" : 0.0,\n      \"m15_rate\" : 0.0,\n      \"m30_rate\" : 0.0,\n      \"h1_rate\" : 0.0,\n      \"h6_rate\" : 0.0,\n      \"h12_rate\" : 0.0,\n      \"h24_rate\" : 0.0,\n      \"mean_rate\" : 0.26412062453790675,\n      \"units\" : \"events/second\"\n    },\n    \"stage.FieldReplacer_01.errorRecords.meter\" : {\n      \"count\" : 0,\n      \"m1_rate\" : 0.0,\n      \"m5_rate\" : 0.0,\n      \"m15_rate\" : 0.0,\n      \"m30_rate\" : 0.0,\n      \"h1_rate\" : 0.0,\n      \"h6_rate\" : 0.0,\n      \"h12_rate\" : 0.0,\n      \"h24_rate\" : 0.0,\n      \"mean_rate\" : 0.0,\n      \"units\" : \"events/second\"\n    },\n    \"stage.FieldReplacer_01.inputRecords.meter\" : {\n      \"count\" : 1,\n      \"m1_rate\" : 0.0,\n      \"m5_rate\" : 0.0,\n      \"m15_rate\" : 0.0,\n      \"m30_rate\" : 0.0,\n      \"h1_rate\" : 0.0,\n      \"h6_rate\" : 0.0,\n      \"h12_rate\" : 0.0,\n      \"h24_rate\" : 0.0,\n      \"mean_rate\" : 0.0882465114146209,\n      \"units\" : \"events/second\"\n    },\n    \"stage.FieldReplacer_01.outputRecords.meter\" : {\n      \"count\" : 1,\n      \"m1_rate\" : 0.0,\n      \"m5_rate\" : 0.0,\n      \"m15_rate\" : 0.0,\n      \"m30_rate\" : 0.0,\n      \"h1_rate\" : 0.0,\n      \"h6_rate\" : 0.0,\n      \"h12_rate\" : 0.0,\n      \"h24_rate\" : 0.0,\n      \"mean_rate\" : 0.0882486736054699,\n      \"units\" : \"events/second\"\n    },\n    \"stage.FieldReplacer_01.stageErrors.meter\" : {\n      \"count\" : 0,\n      \"m1_rate\" : 0.0,\n      \"m5_rate\" : 0.0,\n      \"m15_rate\" : 0.0,\n      \"m30_rate\" : 0.0,\n      \"h1_rate\" : 0.0,\n      \"h6_rate\" : 0.0,\n      \"h12_rate\" : 0.0,\n      \"h24_rate\" : 0.0,\n      \"mean_rate\" : 0.0,\n      \"units\" : \"events/second\"\n    },\n    \"stage.FieldReplacer_01:FieldReplacer_01OutputLane16750734137010.outputRecords.meter\" : {\n      \"count\" : 1,\n      \"m1_rate\" : 0.0,\n      \"m5_rate\" : 0.0,\n      \"m15_rate\" : 0.0,\n      \"m30_rate\" : 0.0,\n      \"h1_rate\" : 0.0,\n      \"h6_rate\" : 0.0,\n      \"h12_rate\" : 0.0,\n      \"h24_rate\" : 0.0,\n      \"mean_rate\" : 0.08826869902775793,\n      \"units\" : \"events/second\"\n    },\n    \"stage.HTTPClient_01.errorRecords.meter\" : {\n      \"count\" : 0,\n      \"m1_rate\" : 0.0,\n      \"m5_rate\" : 0.0,\n      \"m15_rate\" : 0.0,\n      \"m30_rate\" : 0.0,\n      \"h1_rate\" : 0.0,\n      \"h6_rate\" : 0.0,\n      \"h12_rate\" : 0.0,\n      \"h24_rate\" : 0.0,\n      \"mean_rate\" : 0.0,\n      \"units\" : \"events/second\"\n    },\n    \"stage.HTTPClient_01.inputRecords.meter\" : {\n      \"count\" : 0,\n      \"m1_rate\" : 0.0,\n      \"m5_rate\" : 0.0,\n      \"m15_rate\" : 0.0,\n      \"m30_rate\" : 0.0,\n      \"h1_rate\" : 0.0,\n      \"h6_rate\" : 0.0,\n      \"h12_rate\" : 0.0,\n      \"h24_rate\" : 0.0,\n      \"mean_rate\" : 0.0,\n      \"units\" : \"events/second\"\n    },\n    \"stage.HTTPClient_01.outputRecords.meter\" : {\n      \"count\" : 4,\n      \"m1_rate\" : 0.0,\n      \"m5_rate\" : 0.0,\n      \"m15_rate\" : 0.0,\n      \"m30_rate\" : 0.0,\n      \"h1_rate\" : 0.0,\n      \"h6_rate\" : 0.0,\n      \"h12_rate\" : 0.0,\n      \"h24_rate\" : 0.0,\n      \"mean_rate\" : 0.1869651701394514,\n      \"units\" : \"events/second\"\n    },\n    \"stage.HTTPClient_01.stageErrors.meter\" : {\n      \"count\" : 0,\n      \"m1_rate\" : 0.0,\n      \"m5_rate\" : 0.0,\n      \"m15_rate\" : 0.0,\n      \"m30_rate\" : 0.0,\n      \"h1_rate\" : 0.0,\n      \"h6_rate\" : 0.0,\n      \"h12_rate\" : 0.0,\n      \"h24_rate\" : 0.0,\n      \"mean_rate\" : 0.0,\n      \"units\" : \"events/second\"\n    },\n    \"stage.HTTPClient_01:HTTPClient_01OutputLane16716246461230.outputRecords.meter\" : {\n      \"count\" : 4,\n      \"m1_rate\" : 0.0,\n      \"m5_rate\" : 0.0,\n      \"m15_rate\" : 0.0,\n      \"m30_rate\" : 0.0,\n      \"h1_rate\" : 0.0,\n      \"h6_rate\" : 0.0,\n      \"h12_rate\" : 0.0,\n      \"h24_rate\" : 0.0,\n      \"mean_rate\" : 0.18697983374785124,\n      \"units\" : \"events/second\"\n    },\n    \"stage.HTTPClient_03.errorRecords.meter\" : {\n      \"count\" : 0,\n      \"m1_rate\" : 0.0,\n      \"m5_rate\" : 0.0,\n      \"m15_rate\" : 0.0,\n      \"m30_rate\" : 0.0,\n      \"h1_rate\" : 0.0,\n      \"h6_rate\" : 0.0,\n      \"h12_rate\" : 0.0,\n      \"h24_rate\" : 0.0,\n      \"mean_rate\" : 0.0,\n      \"units\" : \"events/second\"\n    },\n    \"stage.HTTPClient_03.inputRecords.meter\" : {\n      \"count\" : 0,\n      \"m1_rate\" : 0.0,\n      \"m5_rate\" : 0.0,\n      \"m15_rate\" : 0.0,\n      \"m30_rate\" : 0.0,\n      \"h1_rate\" : 0.0,\n      \"h6_rate\" : 0.0,\n      \"h12_rate\" : 0.0,\n      \"h24_rate\" : 0.0,\n      \"mean_rate\" : 0.0,\n      \"units\" : \"events/second\"\n    },\n    \"stage.HTTPClient_03.outputRecords.meter\" : {\n      \"count\" : 0,\n      \"m1_rate\" : 0.0,\n      \"m5_rate\" : 0.0,\n      \"m15_rate\" : 0.0,\n      \"m30_rate\" : 0.0,\n      \"h1_rate\" : 0.0,\n      \"h6_rate\" : 0.0,\n      \"h12_rate\" : 0.0,\n      \"h24_rate\" : 0.0,\n      \"mean_rate\" : 0.0,\n      \"units\" : \"events/second\"\n    },\n    \"stage.HTTPClient_03.stageErrors.meter\" : {\n      \"count\" : 0,\n      \"m1_rate\" : 0.0,\n      \"m5_rate\" : 0.0,\n      \"m15_rate\" : 0.0,\n      \"m30_rate\" : 0.0,\n      \"h1_rate\" : 0.0,\n      \"h6_rate\" : 0.0,\n      \"h12_rate\" : 0.0,\n      \"h24_rate\" : 0.0,\n      \"mean_rate\" : 0.0,\n      \"units\" : \"events/second\"\n    },\n    \"stage.HTTPClient_04.errorRecords.meter\" : {\n      \"count\" : 1,\n      \"m1_rate\" : 0.0,\n      \"m5_rate\" : 0.0,\n      \"m15_rate\" : 0.0,\n      \"m30_rate\" : 0.0,\n      \"h1_rate\" : 0.0,\n      \"h6_rate\" : 0.0,\n      \"h12_rate\" : 0.0,\n      \"h24_rate\" : 0.0,\n      \"mean_rate\" : 0.08818258174485293,\n      \"units\" : \"events/second\"\n    },\n    \"stage.HTTPClient_04.inputRecords.meter\" : {\n      \"count\" : 1,\n      \"m1_rate\" : 0.0,\n      \"m5_rate\" : 0.0,\n      \"m15_rate\" : 0.0,\n      \"m30_rate\" : 0.0,\n      \"h1_rate\" : 0.0,\n      \"h6_rate\" : 0.0,\n      \"h12_rate\" : 0.0,\n      \"h24_rate\" : 0.0,\n      \"mean_rate\" : 0.08817884183118808,\n      \"units\" : \"events/second\"\n    },\n    \"stage.HTTPClient_04.outputRecords.meter\" : {\n      \"count\" : 0,\n      \"m1_rate\" : 0.0,\n      \"m5_rate\" : 0.0,\n      \"m15_rate\" : 0.0,\n      \"m30_rate\" : 0.0,\n      \"h1_rate\" : 0.0,\n      \"h6_rate\" : 0.0,\n      \"h12_rate\" : 0.0,\n      \"h24_rate\" : 0.0,\n      \"mean_rate\" : 0.0,\n      \"units\" : \"events/second\"\n    },\n    \"stage.HTTPClient_04.stageErrors.meter\" : {\n      \"count\" : 0,\n      \"m1_rate\" : 0.0,\n      \"m5_rate\" : 0.0,\n      \"m15_rate\" : 0.0,\n      \"m30_rate\" : 0.0,\n      \"h1_rate\" : 0.0,\n      \"h6_rate\" : 0.0,\n      \"h12_rate\" : 0.0,\n      \"h24_rate\" : 0.0,\n      \"mean_rate\" : 0.0,\n      \"units\" : \"events/second\"\n    },\n    \"stage.HTTPClient_05.errorRecords.meter\" : {\n      \"count\" : 0,\n      \"m1_rate\" : 0.0,\n      \"m5_rate\" : 0.0,\n      \"m15_rate\" : 0.0,\n      \"m30_rate\" : 0.0,\n      \"h1_rate\" : 0.0,\n      \"h6_rate\" : 0.0,\n      \"h12_rate\" : 0.0,\n      \"h24_rate\" : 0.0,\n      \"mean_rate\" : 0.0,\n      \"units\" : \"events/second\"\n    },\n    \"stage.HTTPClient_05.inputRecords.meter\" : {\n      \"count\" : 1,\n      \"m1_rate\" : 0.0,\n      \"m5_rate\" : 0.0,\n      \"m15_rate\" : 0.0,\n      \"m30_rate\" : 0.0,\n      \"h1_rate\" : 0.0,\n      \"h6_rate\" : 0.0,\n      \"h12_rate\" : 0.0,\n      \"h24_rate\" : 0.0,\n      \"mean_rate\" : 0.08821954285298599,\n      \"units\" : \"events/second\"\n    },\n    \"stage.HTTPClient_05.outputRecords.meter\" : {\n      \"count\" : 1,\n      \"m1_rate\" : 0.0,\n      \"m5_rate\" : 0.0,\n      \"m15_rate\" : 0.0,\n      \"m30_rate\" : 0.0,\n      \"h1_rate\" : 0.0,\n      \"h6_rate\" : 0.0,\n      \"h12_rate\" : 0.0,\n      \"h24_rate\" : 0.0,\n      \"mean_rate\" : 0.08822144114585112,\n      \"units\" : \"events/second\"\n    },\n    \"stage.HTTPClient_05.stageErrors.meter\" : {\n      \"count\" : 0,\n      \"m1_rate\" : 0.0,\n      \"m5_rate\" : 0.0,\n      \"m15_rate\" : 0.0,\n      \"m30_rate\" : 0.0,\n      \"h1_rate\" : 0.0,\n      \"h6_rate\" : 0.0,\n      \"h12_rate\" : 0.0,\n      \"h24_rate\" : 0.0,\n      \"mean_rate\" : 0.0,\n      \"units\" : \"events/second\"\n    },\n    \"stage.JSONParser_01.errorRecords.meter\" : {\n      \"count\" : 0,\n      \"m1_rate\" : 0.0,\n      \"m5_rate\" : 0.0,\n      \"m15_rate\" : 0.0,\n      \"m30_rate\" : 0.0,\n      \"h1_rate\" : 0.0,\n      \"h6_rate\" : 0.0,\n      \"h12_rate\" : 0.0,\n      \"h24_rate\" : 0.0,\n      \"mean_rate\" : 0.0,\n      \"units\" : \"events/second\"\n    },\n    \"stage.JSONParser_01.inputRecords.meter\" : {\n      \"count\" : 4,\n      \"m1_rate\" : 0.0,\n      \"m5_rate\" : 0.0,\n      \"m15_rate\" : 0.0,\n      \"m30_rate\" : 0.0,\n      \"h1_rate\" : 0.0,\n      \"h6_rate\" : 0.0,\n      \"h12_rate\" : 0.0,\n      \"h24_rate\" : 0.0,\n      \"mean_rate\" : 0.18698764083632893,\n      \"units\" : \"events/second\"\n    },\n    \"stage.JSONParser_01.outputRecords.meter\" : {\n      \"count\" : 4,\n      \"m1_rate\" : 0.0,\n      \"m5_rate\" : 0.0,\n      \"m15_rate\" : 0.0,\n      \"m30_rate\" : 0.0,\n      \"h1_rate\" : 0.0,\n      \"h6_rate\" : 0.0,\n      \"h12_rate\" : 0.0,\n      \"h24_rate\" : 0.0,\n      \"mean_rate\" : 0.18698850227515618,\n      \"units\" : \"events/second\"\n    },\n    \"stage.JSONParser_01.stageErrors.meter\" : {\n      \"count\" : 0,\n      \"m1_rate\" : 0.0,\n      \"m5_rate\" : 0.0,\n      \"m15_rate\" : 0.0,\n      \"m30_rate\" : 0.0,\n      \"h1_rate\" : 0.0,\n      \"h6_rate\" : 0.0,\n      \"h12_rate\" : 0.0,\n      \"h24_rate\" : 0.0,\n      \"mean_rate\" : 0.0,\n      \"units\" : \"events/second\"\n    },\n    \"stage.JSONParser_01:JSONParser_01OutputLane16732619319230.outputRecords.meter\" : {\n      \"count\" : 4,\n      \"m1_rate\" : 0.0,\n      \"m5_rate\" : 0.0,\n      \"m15_rate\" : 0.0,\n      \"m30_rate\" : 0.0,\n      \"h1_rate\" : 0.0,\n      \"h6_rate\" : 0.0,\n      \"h12_rate\" : 0.0,\n      \"h24_rate\" : 0.0,\n      \"mean_rate\" : 0.18700014352644365,\n      \"units\" : \"events/second\"\n    },\n    \"stage.OnesaitPlatformDestination_01.errorRecords.meter\" : {\n      \"count\" : 0,\n      \"m1_rate\" : 0.0,\n      \"m5_rate\" : 0.0,\n      \"m15_rate\" : 0.0,\n      \"m30_rate\" : 0.0,\n      \"h1_rate\" : 0.0,\n      \"h6_rate\" : 0.0,\n      \"h12_rate\" : 0.0,\n      \"h24_rate\" : 0.0,\n      \"mean_rate\" : 0.0,\n      \"units\" : \"events/second\"\n    },\n    \"stage.OnesaitPlatformDestination_01.inputRecords.meter\" : {\n      \"count\" : 2,\n      \"m1_rate\" : 0.0,\n      \"m5_rate\" : 0.0,\n      \"m15_rate\" : 0.0,\n      \"m30_rate\" : 0.0,\n      \"h1_rate\" : 0.0,\n      \"h6_rate\" : 0.0,\n      \"h12_rate\" : 0.0,\n      \"h24_rate\" : 0.0,\n      \"mean_rate\" : 1.527935599519132,\n      \"units\" : \"events/second\"\n    },\n    \"stage.OnesaitPlatformDestination_01.outputRecords.meter\" : {\n      \"count\" : 2,\n      \"m1_rate\" : 0.0,\n      \"m5_rate\" : 0.0,\n      \"m15_rate\" : 0.0,\n      \"m30_rate\" : 0.0,\n      \"h1_rate\" : 0.0,\n      \"h6_rate\" : 0.0,\n      \"h12_rate\" : 0.0,\n      \"h24_rate\" : 0.0,\n      \"mean_rate\" : 1.5285916689812729,\n      \"units\" : \"events/second\"\n    },\n    \"stage.OnesaitPlatformDestination_01.stageErrors.meter\" : {\n      \"count\" : 0,\n      \"m1_rate\" : 0.0,\n      \"m5_rate\" : 0.0,\n      \"m15_rate\" : 0.0,\n      \"m30_rate\" : 0.0,\n      \"h1_rate\" : 0.0,\n      \"h6_rate\" : 0.0,\n      \"h12_rate\" : 0.0,\n      \"h24_rate\" : 0.0,\n      \"mean_rate\" : 0.0,\n      \"units\" : \"events/second\"\n    },\n    \"stage.OnesaitPlatformLookup_01.errorRecords.meter\" : {\n      \"count\" : 0,\n      \"m1_rate\" : 0.0,\n      \"m5_rate\" : 0.0,\n      \"m15_rate\" : 0.0,\n      \"m30_rate\" : 0.0,\n      \"h1_rate\" : 0.0,\n      \"h6_rate\" : 0.0,\n      \"h12_rate\" : 0.0,\n      \"h24_rate\" : 0.0,\n      \"mean_rate\" : 0.0,\n      \"units\" : \"events/second\"\n    },\n    \"stage.OnesaitPlatformLookup_01.inputRecords.meter\" : {\n      \"count\" : 4,\n      \"m1_rate\" : 0.0,\n      \"m5_rate\" : 0.0,\n      \"m15_rate\" : 0.0,\n      \"m30_rate\" : 0.0,\n      \"h1_rate\" : 0.0,\n      \"h6_rate\" : 0.0,\n      \"h12_rate\" : 0.0,\n      \"h24_rate\" : 0.0,\n      \"mean_rate\" : 0.35184475624751993,\n      \"units\" : \"events/second\"\n    },\n    \"stage.OnesaitPlatformLookup_01.outputRecords.meter\" : {\n      \"count\" : 4,\n      \"m1_rate\" : 0.0,\n      \"m5_rate\" : 0.0,\n      \"m15_rate\" : 0.0,\n      \"m30_rate\" : 0.0,\n      \"h1_rate\" : 0.0,\n      \"h6_rate\" : 0.0,\n      \"h12_rate\" : 0.0,\n      \"h24_rate\" : 0.0,\n      \"mean_rate\" : 0.35185294654292915,\n      \"units\" : \"events/second\"\n    },\n    \"stage.OnesaitPlatformLookup_01.stageErrors.meter\" : {\n      \"count\" : 0,\n      \"m1_rate\" : 0.0,\n      \"m5_rate\" : 0.0,\n      \"m15_rate\" : 0.0,\n      \"m30_rate\" : 0.0,\n      \"h1_rate\" : 0.0,\n      \"h6_rate\" : 0.0,\n      \"h12_rate\" : 0.0,\n      \"h24_rate\" : 0.0,\n      \"mean_rate\" : 0.0,\n      \"units\" : \"events/second\"\n    },\n    \"stage.OnesaitPlatformLookup_01:OnesaitPlatformLookup_01OutputLane16742102882110.outputRecords.meter\" : {\n      \"count\" : 4,\n      \"m1_rate\" : 0.0,\n      \"m5_rate\" : 0.0,\n      \"m15_rate\" : 0.0,\n      \"m30_rate\" : 0.0,\n      \"h1_rate\" : 0.0,\n      \"h6_rate\" : 0.0,\n      \"h12_rate\" : 0.0,\n      \"h24_rate\" : 0.0,\n      \"mean_rate\" : 0.35192399123395735,\n      \"units\" : \"events/second\"\n    },\n    \"stage.StreamSelector_01.errorRecords.meter\" : {\n      \"count\" : 0,\n      \"m1_rate\" : 0.0,\n      \"m5_rate\" : 0.0,\n      \"m15_rate\" : 0.0,\n      \"m30_rate\" : 0.0,\n      \"h1_rate\" : 0.0,\n      \"h6_rate\" : 0.0,\n      \"h12_rate\" : 0.0,\n      \"h24_rate\" : 0.0,\n      \"mean_rate\" : 0.0,\n      \"units\" : \"events/second\"\n    },\n    \"stage.StreamSelector_01.inputRecords.meter\" : {\n      \"count\" : 3,\n      \"m1_rate\" : 0.0,\n      \"m5_rate\" : 0.0,\n      \"m15_rate\" : 0.0,\n      \"m30_rate\" : 0.0,\n      \"h1_rate\" : 0.0,\n      \"h6_rate\" : 0.0,\n      \"h12_rate\" : 0.0,\n      \"h24_rate\" : 0.0,\n      \"mean_rate\" : 0.26421691083449594,\n      \"units\" : \"events/second\"\n    },\n    \"stage.StreamSelector_01.outputRecords.meter\" : {\n      \"count\" : 3,\n      \"m1_rate\" : 0.0,\n      \"m5_rate\" : 0.0,\n      \"m15_rate\" : 0.0,\n      \"m30_rate\" : 0.0,\n      \"h1_rate\" : 0.0,\n      \"h6_rate\" : 0.0,\n      \"h12_rate\" : 0.0,\n      \"h24_rate\" : 0.0,\n      \"mean_rate\" : 0.26422134378736284,\n      \"units\" : \"events/second\"\n    },\n    \"stage.StreamSelector_01.stageErrors.meter\" : {\n      \"count\" : 0,\n      \"m1_rate\" : 0.0,\n      \"m5_rate\" : 0.0,\n      \"m15_rate\" : 0.0,\n      \"m30_rate\" : 0.0,\n      \"h1_rate\" : 0.0,\n      \"h6_rate\" : 0.0,\n      \"h12_rate\" : 0.0,\n      \"h24_rate\" : 0.0,\n      \"mean_rate\" : 0.0,\n      \"units\" : \"events/second\"\n    },\n    \"stage.StreamSelector_01:StreamSelector_01OutputLane1673262142279.outputRecords.meter\" : {\n      \"count\" : 1,\n      \"m1_rate\" : 0.0,\n      \"m5_rate\" : 0.0,\n      \"m15_rate\" : 0.0,\n      \"m30_rate\" : 0.0,\n      \"h1_rate\" : 0.0,\n      \"h6_rate\" : 0.0,\n      \"h12_rate\" : 0.0,\n      \"h24_rate\" : 0.0,\n      \"mean_rate\" : 0.08810119460525853,\n      \"units\" : \"events/second\"\n    },\n    \"stage.StreamSelector_01:StreamSelector_01OutputLane1673262146457.outputRecords.meter\" : {\n      \"count\" : 0,\n      \"m1_rate\" : 0.0,\n      \"m5_rate\" : 0.0,\n      \"m15_rate\" : 0.0,\n      \"m30_rate\" : 0.0,\n      \"h1_rate\" : 0.0,\n      \"h6_rate\" : 0.0,\n      \"h12_rate\" : 0.0,\n      \"h24_rate\" : 0.0,\n      \"mean_rate\" : 0.0,\n      \"units\" : \"events/second\"\n    },\n    \"stage.StreamSelector_01:StreamSelector_01OutputLane1674123955848.outputRecords.meter\" : {\n      \"count\" : 1,\n      \"m1_rate\" : 0.0,\n      \"m5_rate\" : 0.0,\n      \"m15_rate\" : 0.0,\n      \"m30_rate\" : 0.0,\n      \"h1_rate\" : 0.0,\n      \"h6_rate\" : 0.0,\n      \"h12_rate\" : 0.0,\n      \"h24_rate\" : 0.0,\n      \"mean_rate\" : 0.08809411321185809,\n      \"units\" : \"events/second\"\n    },\n    \"stage.StreamSelector_01:StreamSelector_01OutputLane1674826865201.outputRecords.meter\" : {\n      \"count\" : 1,\n      \"m1_rate\" : 0.0,\n      \"m5_rate\" : 0.0,\n      \"m15_rate\" : 0.0,\n      \"m30_rate\" : 0.0,\n      \"h1_rate\" : 0.0,\n      \"h6_rate\" : 0.0,\n      \"h12_rate\" : 0.0,\n      \"h24_rate\" : 0.0,\n      \"mean_rate\" : 0.08809011444782891,\n      \"units\" : \"events/second\"\n    },\n    \"stage.StreamSelector_02.errorRecords.meter\" : {\n      \"count\" : 0,\n      \"m1_rate\" : 0.0,\n      \"m5_rate\" : 0.0,\n      \"m15_rate\" : 0.0,\n      \"m30_rate\" : 0.0,\n      \"h1_rate\" : 0.0,\n      \"h6_rate\" : 0.0,\n      \"h12_rate\" : 0.0,\n      \"h24_rate\" : 0.0,\n      \"mean_rate\" : 0.0,\n      \"units\" : \"events/second\"\n    },\n    \"stage.StreamSelector_02.inputRecords.meter\" : {\n      \"count\" : 4,\n      \"m1_rate\" : 0.0,\n      \"m5_rate\" : 0.0,\n      \"m15_rate\" : 0.0,\n      \"m30_rate\" : 0.0,\n      \"h1_rate\" : 0.0,\n      \"h6_rate\" : 0.0,\n      \"h12_rate\" : 0.0,\n      \"h24_rate\" : 0.0,\n      \"mean_rate\" : 0.3519676562419612,\n      \"units\" : \"events/second\"\n    },\n    \"stage.StreamSelector_02.outputRecords.meter\" : {\n      \"count\" : 4,\n      \"m1_rate\" : 0.0,\n      \"m5_rate\" : 0.0,\n      \"m15_rate\" : 0.0,\n      \"m30_rate\" : 0.0,\n      \"h1_rate\" : 0.0,\n      \"h6_rate\" : 0.0,\n      \"h12_rate\" : 0.0,\n      \"h24_rate\" : 0.0,\n      \"mean_rate\" : 0.35197141725438347,\n      \"units\" : \"events/second\"\n    },\n    \"stage.StreamSelector_02.stageErrors.meter\" : {\n      \"count\" : 0,\n      \"m1_rate\" : 0.0,\n      \"m5_rate\" : 0.0,\n      \"m15_rate\" : 0.0,\n      \"m30_rate\" : 0.0,\n      \"h1_rate\" : 0.0,\n      \"h6_rate\" : 0.0,\n      \"h12_rate\" : 0.0,\n      \"h24_rate\" : 0.0,\n      \"mean_rate\" : 0.0,\n      \"units\" : \"events/second\"\n    },\n    \"stage.StreamSelector_02:StreamSelector_02OutputLane16748232221950.outputRecords.meter\" : {\n      \"count\" : 3,\n      \"m1_rate\" : 0.0,\n      \"m5_rate\" : 0.0,\n      \"m15_rate\" : 0.0,\n      \"m30_rate\" : 0.0,\n      \"h1_rate\" : 0.0,\n      \"h6_rate\" : 0.0,\n      \"h12_rate\" : 0.0,\n      \"h24_rate\" : 0.0,\n      \"mean_rate\" : 0.2640276231507948,\n      \"units\" : \"events/second\"\n    },\n    \"stage.StreamSelector_02:StreamSelector_02OutputLane16748232221952.outputRecords.meter\" : {\n      \"count\" : 1,\n      \"m1_rate\" : 0.0,\n      \"m5_rate\" : 0.0,\n      \"m15_rate\" : 0.0,\n      \"m30_rate\" : 0.0,\n      \"h1_rate\" : 0.0,\n      \"h6_rate\" : 0.0,\n      \"h12_rate\" : 0.0,\n      \"h24_rate\" : 0.0,\n      \"mean_rate\" : 0.0880124372945104,\n      \"units\" : \"events/second\"\n    }\n  },\n  \"timers\" : {\n    \"pipeline.batchProcessing.timer\" : {\n      \"count\" : 1,\n      \"max\" : 1.23,\n      \"mean\" : 1.23,\n      \"min\" : 1.23,\n      \"p50\" : 1.23,\n      \"p75\" : 1.23,\n      \"p95\" : 1.23,\n      \"p98\" : 1.23,\n      \"p99\" : 1.23,\n      \"p999\" : 1.23,\n      \"stddev\" : 0.0,\n      \"m15_rate\" : 0.0,\n      \"m1_rate\" : 0.0,\n      \"m5_rate\" : 0.0,\n      \"mean_rate\" : 0.04650757118133117,\n      \"duration_units\" : \"seconds\",\n      \"rate_units\" : \"calls/second\"\n    },\n    \"stage.ExpressionEvaluator_01.batchProcessing.timer\" : {\n      \"count\" : 1,\n      \"max\" : 0.0,\n      \"mean\" : 0.0,\n      \"min\" : 0.0,\n      \"p50\" : 0.0,\n      \"p75\" : 0.0,\n      \"p95\" : 0.0,\n      \"p98\" : 0.0,\n      \"p99\" : 0.0,\n      \"p999\" : 0.0,\n      \"stddev\" : 0.0,\n      \"m15_rate\" : 0.0,\n      \"m1_rate\" : 0.0,\n      \"m5_rate\" : 0.0,\n      \"mean_rate\" : 0.08804349201508131,\n      \"duration_units\" : \"seconds\",\n      \"rate_units\" : \"calls/second\"\n    },\n    \"stage.FieldRemover_01.batchProcessing.timer\" : {\n      \"count\" : 1,\n      \"max\" : 0.001,\n      \"mean\" : 0.001,\n      \"min\" : 0.001,\n      \"p50\" : 0.001,\n      \"p75\" : 0.001,\n      \"p95\" : 0.001,\n      \"p98\" : 0.001,\n      \"p99\" : 0.001,\n      \"p999\" : 0.001,\n      \"stddev\" : 0.0,\n      \"m15_rate\" : 0.0,\n      \"m1_rate\" : 0.0,\n      \"m5_rate\" : 0.0,\n      \"mean_rate\" : 0.08801744869028241,\n      \"duration_units\" : \"seconds\",\n      \"rate_units\" : \"calls/second\"\n    },\n    \"stage.FieldReplacer_01.batchProcessing.timer\" : {\n      \"count\" : 1,\n      \"max\" : 0.0,\n      \"mean\" : 0.0,\n      \"min\" : 0.0,\n      \"p50\" : 0.0,\n      \"p75\" : 0.0,\n      \"p95\" : 0.0,\n      \"p98\" : 0.0,\n      \"p99\" : 0.0,\n      \"p999\" : 0.0,\n      \"stddev\" : 0.0,\n      \"m15_rate\" : 0.0,\n      \"m1_rate\" : 0.0,\n      \"m5_rate\" : 0.0,\n      \"mean_rate\" : 0.08823836826454001,\n      \"duration_units\" : \"seconds\",\n      \"rate_units\" : \"calls/second\"\n    },\n    \"stage.HTTPClient_01.batchProcessing.timer\" : {\n      \"count\" : 1,\n      \"max\" : 0.225,\n      \"mean\" : 0.225,\n      \"min\" : 0.225,\n      \"p50\" : 0.225,\n      \"p75\" : 0.225,\n      \"p95\" : 0.225,\n      \"p98\" : 0.225,\n      \"p99\" : 0.225,\n      \"p999\" : 0.225,\n      \"stddev\" : 0.0,\n      \"m15_rate\" : 0.0,\n      \"m1_rate\" : 0.0,\n      \"m5_rate\" : 0.0,\n      \"mean_rate\" : 0.046738814940821743,\n      \"duration_units\" : \"seconds\",\n      \"rate_units\" : \"calls/second\"\n    },\n    \"stage.HTTPClient_03.batchProcessing.timer\" : {\n      \"count\" : 1,\n      \"max\" : 0.0,\n      \"mean\" : 0.0,\n      \"min\" : 0.0,\n      \"p50\" : 0.0,\n      \"p75\" : 0.0,\n      \"p95\" : 0.0,\n      \"p98\" : 0.0,\n      \"p99\" : 0.0,\n      \"p999\" : 0.0,\n      \"stddev\" : 0.0,\n      \"m15_rate\" : 0.0,\n      \"m1_rate\" : 0.0,\n      \"m5_rate\" : 0.0,\n      \"mean_rate\" : 0.08812143127590048,\n      \"duration_units\" : \"seconds\",\n      \"rate_units\" : \"calls/second\"\n    },\n    \"stage.HTTPClient_04.batchProcessing.timer\" : {\n      \"count\" : 1,\n      \"max\" : 0.081,\n      \"mean\" : 0.081,\n      \"min\" : 0.081,\n      \"p50\" : 0.081,\n      \"p75\" : 0.081,\n      \"p95\" : 0.081,\n      \"p98\" : 0.081,\n      \"p99\" : 0.081,\n      \"p999\" : 0.081,\n      \"stddev\" : 0.0,\n      \"m15_rate\" : 0.0,\n      \"m1_rate\" : 0.0,\n      \"m5_rate\" : 0.0,\n      \"mean_rate\" : 0.08817039010415112,\n      \"duration_units\" : \"seconds\",\n      \"rate_units\" : \"calls/second\"\n    },\n    \"stage.HTTPClient_05.batchProcessing.timer\" : {\n      \"count\" : 1,\n      \"max\" : 0.7250000000000001,\n      \"mean\" : 0.7250000000000001,\n      \"min\" : 0.7250000000000001,\n      \"p50\" : 0.7250000000000001,\n      \"p75\" : 0.7250000000000001,\n      \"p95\" : 0.7250000000000001,\n      \"p98\" : 0.7250000000000001,\n      \"p99\" : 0.7250000000000001,\n      \"p999\" : 0.7250000000000001,\n      \"stddev\" : 0.0,\n      \"m15_rate\" : 0.0,\n      \"m1_rate\" : 0.0,\n      \"m5_rate\" : 0.0,\n      \"mean_rate\" : 0.0882121257269087,\n      \"duration_units\" : \"seconds\",\n      \"rate_units\" : \"calls/second\"\n    },\n    \"stage.JSONParser_01.batchProcessing.timer\" : {\n      \"count\" : 1,\n      \"max\" : 0.002,\n      \"mean\" : 0.002,\n      \"min\" : 0.002,\n      \"p50\" : 0.002,\n      \"p75\" : 0.002,\n      \"p95\" : 0.002,\n      \"p98\" : 0.002,\n      \"p99\" : 0.002,\n      \"p999\" : 0.002,\n      \"stddev\" : 0.0,\n      \"m15_rate\" : 0.0,\n      \"m1_rate\" : 0.0,\n      \"m5_rate\" : 0.0,\n      \"mean_rate\" : 0.046745078442476266,\n      \"duration_units\" : \"seconds\",\n      \"rate_units\" : \"calls/second\"\n    },\n    \"stage.OnesaitPlatformDestination_01.batchProcessing.timer\" : {\n      \"count\" : 1,\n      \"max\" : 0.12400000000000001,\n      \"mean\" : 0.12400000000000001,\n      \"min\" : 0.12400000000000001,\n      \"p50\" : 0.12400000000000001,\n      \"p75\" : 0.12400000000000001,\n      \"p95\" : 0.12400000000000001,\n      \"p98\" : 0.12400000000000001,\n      \"p99\" : 0.12400000000000001,\n      \"p999\" : 0.12400000000000001,\n      \"stddev\" : 0.0,\n      \"m15_rate\" : 0.0,\n      \"m1_rate\" : 0.0,\n      \"m5_rate\" : 0.0,\n      \"mean_rate\" : 0.7630978888556563,\n      \"duration_units\" : \"seconds\",\n      \"rate_units\" : \"calls/second\"\n    },\n    \"stage.OnesaitPlatformLookup_01.batchProcessing.timer\" : {\n      \"count\" : 1,\n      \"max\" : 0.057,\n      \"mean\" : 0.057,\n      \"min\" : 0.057,\n      \"p50\" : 0.057,\n      \"p75\" : 0.057,\n      \"p95\" : 0.057,\n      \"p98\" : 0.057,\n      \"p99\" : 0.057,\n      \"p999\" : 0.057,\n      \"stddev\" : 0.0,\n      \"m15_rate\" : 0.0,\n      \"m1_rate\" : 0.0,\n      \"m5_rate\" : 0.0,\n      \"mean_rate\" : 0.08795367645425155,\n      \"duration_units\" : \"seconds\",\n      \"rate_units\" : \"calls/second\"\n    },\n    \"stage.StreamSelector_01.batchProcessing.timer\" : {\n      \"count\" : 1,\n      \"max\" : 0.001,\n      \"mean\" : 0.001,\n      \"min\" : 0.001,\n      \"p50\" : 0.001,\n      \"p75\" : 0.001,\n      \"p95\" : 0.001,\n      \"p98\" : 0.001,\n      \"p99\" : 0.001,\n      \"p999\" : 0.001,\n      \"stddev\" : 0.0,\n      \"m15_rate\" : 0.0,\n      \"m1_rate\" : 0.0,\n      \"m5_rate\" : 0.0,\n      \"mean_rate\" : 0.0880666098024266,\n      \"duration_units\" : \"seconds\",\n      \"rate_units\" : \"calls/second\"\n    },\n    \"stage.StreamSelector_02.batchProcessing.timer\" : {\n      \"count\" : 1,\n      \"max\" : 0.001,\n      \"mean\" : 0.001,\n      \"min\" : 0.001,\n      \"p50\" : 0.001,\n      \"p75\" : 0.001,\n      \"p95\" : 0.001,\n      \"p98\" : 0.001,\n      \"p99\" : 0.001,\n      \"p999\" : 0.001,\n      \"stddev\" : 0.0,\n      \"m15_rate\" : 0.0,\n      \"m1_rate\" : 0.0,\n      \"m5_rate\" : 0.0,\n      \"mean_rate\" : 0.08798660396422991,\n      \"duration_units\" : \"seconds\",\n      \"rate_units\" : \"calls/second\"\n    }\n  }\n}",
  "retryAttempt" : 0,
  "nextRetryTimeStamp" : 0,
  "name" : "mainflowin9c82f7b3-241d-4762-8754-fb1af5fdb1cc"
}